問題,回答群１,回答群２,回答群３,回答群４,回答群５,回答群６,回答群７,回答群８,回答群９,正解
法令で規定されている用語の定義及び事業の届出等に関する次の記述のうち、誤っているものはどれか。,「ガス事業」とは、ガス小売事業、一般ガス導管事業、特定ガス導管事業及びガス製造事業をいう。,ガス小売事業を営もうとする者は、経済産業大臣の許可を受けなければならない。,「小売供給」とは、一般の需要に応じ導管によりガスを供給すること（特定ガス発生設備においてガスを発生させ、導管によりこれを供給するものにあっては、一の団地内におけるガスの供給地点が70以上のものに限る。）をいう。,１２A及び１３Aのガスグループ以外のガスグループに属するガスを供給する導管を用いて託送供給を行う事業は、一般ガス導管事業に該当しない。,「ガス製造事業」とは、自らが維持し、及び運用する液化ガス貯蔵設備等を用いてガスを製造する事業であって、その事業の用に供する液化ガス貯蔵設備が経済産業省令で定める要件に該当するものをいう。,,,,,ガス小売事業を営もうとする者は、経済産業大臣の許可を受けなければならない。
"""法令で規定されているガス小売事業者及び一般ガス導管事業者の業務に関する次の記述のうち、誤っているものはいくつあるか。

イ　ガス小売事業者は、正当な理由がある場合を除き、その小売供給の相手方の当該小売供給に係るガスの需要に応ずるために必要な供給能力を確保しなければなれない。
　
ロ　ガス小売事業者は、小売供給を受けようとする者と小売供給契約の締結をしようとするときは、経済産業省令で定めるところにより、当該小売供給に係る料金その他の供給条件について、経済産業大臣に届け出なければならない。
　
ハ　一般ガス導管事業者は、その供給区域における託送供給に係る料金その他の供給条件について、経済産業省令で定めるところにより、託送供給約款を定め、経済産業大臣に届け出なければならない。
　
二　一般ガス導管事業者は最終保障に係る料金その他の供給条件について約款を定め、経済産業省令で定めるところにより、掲載産業大臣に届けなければならない。　

ホ　一般ガス導管事業者は、経済産業省令で定めるところにより、毎年度、当該年度以降経済産業省令で定める機関における供給計画を作成し、当該年度の開始前に（一般ガス導管事業者となった日を含む年度にあっては、一般ガス導管事業者となった後遅滞なく）、経済産業大臣の許可を受けなければならない。""",1,2,3,4,5,,,,,3
法令で規定されている用語の定義及び事業の届出等に関する次の記述のうち、正しいものはどれか。,経済産業大臣は、一般ガス導管事業の用に供するガス工作物が経済産業省令で定める技術上の基準に適合していないと認めるときは、ガス主任技術者に対し、その技術上の基準に適合するようにガス工作物を修理し、改造し、若しくは移転し、若しくはその使用を一時停止すべきことを命じ、又はその使用を制限することができる。,一般ガス導管事業者は、一般ガス導管事業の用に供するガス工作物の工事、維持及び運用に関する保安を確保するため、経済産業省令で定めるところにより、保安規程を定め、遅滞なく、経済産業大臣に届けなければならない。,経済産業大臣は、公共の利益の増進を図るため必要があると認めるときは、一般ガス導管事業者に対し、保安規程を変更すべきことを命ずることができる。,保安規程には、消費機器に関する周知及び調査の方法に関することを定めなければならない。,一般ガス導管事業の用に供するガス工作物のうち一般ガス導管事業者以外の者が所有し、又は占有するガス工作物について一般ガス導管事業者が経済産業省令で定める技術上の基準に適合するように維持するため必要な措置を講じようとするときは、当該ガス工作物の所有者又は占有者はその措置の実施に協力するよう努めなければならない。,,,,,一般ガス導管事業の用に供するガス工作物のうち一般ガス導管事業者以外の者が所有し、又は占有するガス工作物について一般ガス導管事業者が経済産業省令で定める技術上の基準に適合するように維持するため必要な措置を講じようとするときは、当該ガス工作物の所有者又は占有者はその措置の実施に協力するよう努めなければならない。
"""次のガス事故のうち、ガス事故速報を報告することが法令で規定されていないものの組合せはどれか。ただし、台風、高潮、洪水、津波、地震その他の自然災害又は火災による広範囲の地域にわたるガス工作物の損壊事故、製造支障事故又は供給支障事故であって、経済産業大臣が指定するものではない。

イ　ガス工作物(ガス栓を除く。)を操作することにより人が酸素欠乏症となった事故

ロ　ガスの供給に支障を及ぼした事故であって、供給支障戸数が20のもの

ハ　ガスの製造に支障を及ぼした事故であって、製造支障時間が10時間のもの

二　ガス工作物(ガス栓を除く。）からのガスの漏えいによる火災事故

ホ　消費機器から漏えいしたガスに引火することにより、発生した消費機器が損傷した物損事故であって、人が死亡せず、又は負傷しないもの""",イ、ロ,イ、ハ,ロ、ホ,ハ、二,二、ホ,,,,,ロ、ホ
法令で規定されているガス主任技術者に関する次の記述のうち、正しいものはどれか。,ガス小売事業者は、経済産業省令で定めることにより、ガス主任技術者免状の交付を受けている者、又は経済産業省令で定める実務の経験を有するもののいずれかのうちから、ガス主任技術者を選任し、ガス小売事業のように供するガス工作物の工事、維持及び運用に関する保安の監督をさせなければならない。,ガス小売事業者は、ガス主任技術者を選任しようとするときは、あらかじめ、その旨を経済産業大臣に届け出なければならない。これを解任するときも、同様とする。,ガス主任技術者免状はガス主任技術者試験に合格した者、又はその者と同等以上の知識及び機能を有しているとガス事業者が認定した者に交付される。,経済産業大臣は、ガス事業法に違反し、罰金以上の刑に処せられ、その執行を終わり、又は執行を受けることがなくなった日から1年を経過しない者に対しては、ガス主任技術者免状の交付を行わないことができる。,経済産業大臣は、ガス主任技術者免状の交付を受けている者がガス事業法若しくはガス事業法に基づく命令又はこれらに基づく処分に違反したときは、そのガス主任技術者免状の返納を命ずることができる。,,,,,経済産業大臣は、ガス主任技術者免状の交付を受けている者がガス事業法若しくはガス事業法に基づく命令又はこれらに基づく処分に違反したときは、そのガス主任技術者免状の返納を命ずることができる。
"""法令で規定されている工事計画及び使用前検査に関する次の記述について、(イ)～(ホ)にあてはまる語句の組合せとして最も適切なものはどれか。

　一般ガス導管事業者は、一般ガス導管事業の用に供するガス工作物の　(イ)　の工事であって、経済産業省令で定めるものをしようとするときは、その工事の計画を経済産業大臣に届けなければならない。

　工事計画の届出をした者は、その届出が　(ロ)　された日から　(ハ)　日を経過した後でなければ、その届出に係る工事を開始してはならない。ただし、経済産業大臣が認めるときは、工事を開始するまでの期間を短縮することができる。
　一般ガス導管事業者は、工事計画の届出をいした工事を行うガス工作物であって、経済産業省令で定める物の工事について　(二)　を行わなければならない。

　経済産業省令で定める使用前検査の対象のガス工作物であっても、(ホ)　のために使用する場合は、使用前検査なしでそのガス工作物を使用することができる。""",(イ)　設置　(ロ）受理　(ハ)　30　(二)　自主検査　(ホ)　緊急　,(イ)　設置又は変更　(ロ）受理　(ハ)　10　(二)　完成検査　(ホ)　緊急　,(イ)　設置又は変更　(ロ）受理　(ハ)　30　(二)　自主検査　(ホ)　試験　,(イ)　設置　(ロ）提出　(ハ)　10　(二)　自主検査　(ホ)　試験　,(イ)　設置又は変更　(ロ）提出　(ハ)　30　(二)　完成検査　(ホ)　緊急　,,,,,(イ)　設置又は変更　(ロ）受理　(ハ)　30　(二)　自主検査　(ホ)　試験　
"""技術基準で規定されているガス工作物に関する次の記述のうち、正しいものはいくつあるか。

イ　製造所（特定製造所を除く）、供給所及び導管を管理する事業場には、緊急時に迅速な通信を確保するため、適切な通信設備を設けなければならない。

ロ　製造所には、ガス又は液化ガスを通ずるガス工作物から漏えいしたガスが滞留するおそれのある製造所内の適切な場所に、当該ガスの漏えいを適切に検知し、かつ、警報する設備を設けなければならない。

ハ　液化ガス用貯槽(不活性の液化ガス用のもの、貯蔵能力が３ｔ未満のもの及び地盤面下に全部埋設されたものを除く。）の相互間は、ガス又は液化ガスが漏えいした場合の災害の発生を防止するために、保安上必要な距離を有しなければならない。

二　製造所若しくは供給所に設置するガス若しくは液化ガスを通ずるガス工作物又は大容量移動式ガス発生設備には、その規模に応じて、適切な防消火設備を適切な箇所に設けなければならない。

ホ　ガス又は液化ガスを通ずるガス工作物を設置する室（製造所及び供給所に存するものに限る。）は、これらのガス又は液化ガスが漏えいしたとき滞留しない構造でなければならない。""",1,2,3,4,5,,,,,5
"""技術基準で規定されているガス工作物に関する次の記述のうち、誤っているものはいくつあるか。

イ　ガス栓の主要材料は、最高使用温度及び最低使用温度において材料に及ぼす化学的及び物理的影響に対し、設備の種類、規模に応じて安全な機械的性質を有するものでなければならない。

ロ　付帯設備であって製造設備に属する容器及び管のうち、液化ガスを通ずるものであって内面に０Paを超える圧力を受ける部分の構造は、供用中の荷重並びに最高使用温度及び最低使用温度における最高使用圧力に対し、設備の種類、規模に応じて適切な構造でなければならない。

ハ　整圧器及び特定ガス発生設備に関する調整装置の耐圧部分は適切な方法により耐圧試験を行ったときにこれに耐えるものでなければならない。

二　ガス工作物のガス又は液化ガスを通ずる部分であって、内面に０Paを超える圧力を受ける部分の溶接された部分は、溶込みが十分で、溶接による割れ等で有害な欠陥がなく、かつ、設計上要求される強度以上の強度でなければならない。

ホ　最高使用圧力が0.3MPa以上で、内径が150mm以上の中圧の導管であって、ガスによる圧力を受ける部分を溶接する場合は、適切な機械試験等により適切な溶接施工方法等であることをあらかじめ確認したものによらなければならない。""",1,2,3,4,5,,,,,1
"""技術基準で規定されているガス工作物に関する次の記述のうち、いずれも正しいものの組合せはどれか。

イ　液化ガスを通ずるガス発生設備のうち、過圧が生ずるおそれのあるものには、その圧力を逃すために適切なインターロック機構を設けなければならない。

ロ　製造設備(特定ガス発生設備を除く。）の運転を継続させるのに必要な装置その他の製造所及び供給所の保安上重要な設備には、停電等により当該設備の機能が失われることのないよう適切な措置を講じなければならない。

ハ　ガスホルダーであって、凝縮液により機能の低下又は損傷のおそれがあるものには、ガスホルダーの凝縮液を抜く装置を設けなければならない。

二　液化ガス用貯槽(不活性の液化ガス用のものを除く。）又はこれらの付近には、その外部から見やすいようにガス小売事業者の名称及び連絡先の表示をしなければならない。

ホ　液化ガス用貯槽(不活性の液化ガス用のものを除く。）の防液堤の外面から防災作業のために必要な距離の内側には、液化ガスの漏えい又は火災等の拡大を防止する上で支障のない設備以外の設備を設置してはならない。""",イ、ロ,イ、二,ロ、ハ,ハ、ホ,二、ホ,,,,,ハ、ホ
"""技術基準で規定されているガス工作物に関する次の記述のうち、正しいものはどれか。

（１）製造設備(ガスホルダー、液化ガス用貯槽、及び特定ガス発生設備を除く。）には、使用中に生じた異常による災害の発生を防止するため、その異常が発生した場合にガス又は液化ガスの流出及び流入を速やかに遮断することができる適切な装置を適切な箇所に設けなければならない。

（２）移動式ガス発生設備には、使用中に生じた異常による災害の発生を防止するため、その異常が発生した場合に迅速かつ安全にガスを処理することができる装置を設けなければならない。

（３）移動式ガス発生設備は、ガス又は液化ガス（不活性のものを除く。）が漏えいした場合の火災等の発生を防止するため、適切な場所に設置し、容易に腐食又は転倒しないように適切な措置が講じられていなければならない。

（４）移動式ガス発生設備の容器又は容器の設置場所には、容器内の圧力が異常に低下しないよう適切な温度に維持できる適切な措置を講じなければならない。

（５）容器に付属する気化装置内においてガスを発生させる特定ガス発生設備であって当該気化装置を電源によって操作するものは、自家発電機その他の操作用電源が停止した際にガスの供給を遮断するための装置を設けなければならない。""",（１）製造設備(ガスホルダー、液化ガス用貯槽、及び特定ガス発生設備を除く。）には、使用中に生じた異常による災害の発生を防止するため、その異常が発生した場合にガス又は液化ガスの流出及び流入を速やかに遮断することができる適切な装置を適切な箇所に設けなければならない。,（２）移動式ガス発生設備には、使用中に生じた異常による災害の発生を防止するため、その異常が発生した場合に迅速かつ安全にガスを処理することができる装置を設けなければならない。,（３）移動式ガス発生設備は、ガス又は液化ガス（不活性のものを除く。）が漏えいした場合の火災等の発生を防止するため、適切な場所に設置し、容易に腐食又は転倒しないように適切な措置が講じられていなければならない。,（４）移動式ガス発生設備の容器又は容器の設置場所には、容器内の圧力が異常に低下しないよう適切な温度に維持できる適切な措置を講じなければならない。,（５）容器に付属する気化装置内においてガスを発生させる特定ガス発生設備であって当該気化装置を電源によって操作するものは、自家発電機その他の操作用電源が停止した際にガスの供給を遮断するための装置を設けなければならない。,,,,,（１）製造設備(ガスホルダー、液化ガス用貯槽、及び特定ガス発生設備を除く。）には、使用中に生じた異常による災害の発生を防止するため、その異常が発生した場合にガス又は液化ガスの流出及び流入を速やかに遮断することができる適切な装置を適切な箇所に設けなければならない。
技術基準で規定されているガス工作物に関する次の記述のうち、正しいものはどれか。ただし、（4）及び（5）のガスメーターは、ガス事業者がガスの使用者との取引のために使用するものであり、使用最大流量が毎時16㎥以下、使用最大圧力が4KPa以下及び口径250mm以下のものとする。,（１）水のたまるおそれのある導管には、適切な勾配を設けなければならない。,（２）道路に埋設される本支管（最高使用圧力が10KPa以上のポリエチレン管に限る。）には、掘削等による損傷を防止するための適切な措置を講じなければならない。,（３）ガスの使用場所である地下室等にガスを供給する導管には、その地下室等から十分離れた適切な場所に、危急の場合に当該地下室等へのガスの供給を地上から速やかに遮断することができる適切な装置を設けなければならない。,（４）ガスメーターは、ガスが流入している状態において、異常なガス圧力の上昇を検知した場合に、ガスを速やかに遮断する機能を有するものでなければならない。,（５）ガスメーターは、ガスが流入している状態において、災害の発生するおそれのある大きさの地震動を検知した場合に、ガスを速やかに遮断する機能を有するものでなければならない。ただし、一の団地内における供給地点の数が300未満の団地であって、当該団地にガスを供給する特定製造所に、250ガルを超える地震動を継続して検知したときに、当該団地に対するガスの供給を速やかに遮断する設備を設置した場合は、この限りでない。,,,,,（５）ガスメーターは、ガスが流入している状態において、災害の発生するおそれのある大きさの地震動を検知した場合に、ガスを速やかに遮断する機能を有するものでなければならない。ただし、一の団地内における供給地点の数が300未満の団地であって、当該団地にガスを供給する特定製造所に、250ガルを超える地震動を継続して検知したときに、当該団地に対するガスの供給を速やかに遮断する設備を設置した場合は、この限りでない。
"""技術基準で規定されている漏えい検査及び導管の設置場所に関する次の記述のうち、いずれも正しいものの組合せははどれか。ただし、イ、ロ及びハについては、この導管は特定地下街等又は特定地下室等にガスを供給するものではなく、漏えい検査を行う区間に漏洩検知装置は設置されておらず、検査にあたっては導管等が設置されている場所に立ち入ることができるものとする。

イ　道路に埋設されている導管（ポリエチレン管を使用している部分を除く。）で最高使用圧力が低圧のものは、埋設の日以降6年に1回以上、適切な方法により検査を行い、漏えいが認められなかったものでなければならない。

ロ　道路に埋設されている導管からガス栓までに設置されている導管は、屋外において、埋設されていない部分であっては、設置の日以降4年に1回以上、適切な方法により検査を行い、漏えいが認められなかったものでなければならない。

ハ　導管の漏えい検査を、前回の検査の日から省令で定める期間を経過した日（以下、基準日という。）前4月以内の期間に行った場合にあっては、基準日において当該検査を行ったものとみなす。

二　最高使用圧力が中圧の導管であって、工場に設置される建物にガスを供給するものは、適切な自動ガス遮断装置又は適切なガス漏れ警報器の検知区域において、当該建物の外壁を貫通するように設置しなければならない。
ホ　導管を共同溝に設置する場合は、ガス漏れにより当該共同溝及び当該共同溝に設置された他の物件の構造又は管理に支障を及ぼすことがないよう導管に適切な措置を講じ、かつ、適切な措置が講じられた共同溝内に設置しなければならない。""",イ、ロ,イ、二,ロ、ハ,ハ、ホ,二、ホ,,,,,ハ、ホ
"""技術基準で規定されている導管及び整圧器に関する次の記述のうち、誤っているものはいくつあるか。

イ　ガス事業者の掘削により周囲が露出することとなった導管の露出している部分の両端は、地くずれのおそれがない地中に支持されていなければならない。

ロ　ガス事業者の掘削により周囲が露出することとなったガスの供給の用に供されている導管で、露出している部分が直管以外の管の接合であって、フランジ接合されているものには、抜出しを防止する適切な措置を講じなければならない。

ハ　整圧器の入口には、ガス遮断装置を設けなければならない。ただし、一の使用者にガスを供給するためのものにあっては、この限りでない。

二　ガス中の水分の凍結により整圧機能を損なうおそれのある整圧器には、凍結を防止するための措置を講じなければならない。

ホ　整圧器の制御用配管、補助整圧器その他の付属設備は、地震に対し耐えるよう指示されていなければならない。""",1,2,3,4,5,,,,,2
"""法令で規定されているガス用品及び「特定ガス消費機器の設置工事の監督に関する法律」に関する次の記述のうち、いずれも正しいものの組合せはどれか。

イ　「ガス用品」とは、主として一般消費者等がガスを消費する場合に用いられるすべての機械、器具及び材料（液化石油ガス器具を除く。）をいう。

ロ　「特定ガス用品」とは、構造、使用条件、使用状況等からみて特にガスによる災害の発生のおそれが多いと認められるガス用品であって、密閉燃焼式のガス瞬間湯沸器等がある。

ハ　ガス用品の製造、輸入又は販売の事業を行う者は、経済産業省令で定める技術上の基準に対する適合性についての表示が付されているものでなければ、ガス用品を販売し、又は販売の目的で陳列してはならない。

二　「特定工事」とは、特定ガス用品の設置又は変更の工事（経済産業省令で定める軽微なものを除く。）をいう。

ホ　液化石油ガス設備士である者は、ガス消費機器設置工事監督者の資格を有する者に該当する。""",イ、ロ,イ、二,ロ、ハ,ハ、ホ,二、ホ,,,,,ハ、ホ
"""法令で規定されている消費機器に関する周知及び調査、保安業務規程に関する次の記述のうち、正しいものはいくつあるか。

イ　ガス小売事業者は、その供給するガスに係る消費機器が経済産業省令で定める技術上の基準に適合しているかどうかを調査しなければならない。ただし、その消費機器を設置し、又は使用する場所に立ち入ることにつき、その所有者又は占有者の承諾を得ることができないときは、この限りでない。

ロ　ガス小売事業者は、その供給に係るガスによる災害が発生し、又は発生するおそれがある場合において、その供給に係るガスの使用者からその事実を通知され、これに対する措置をとることを求められたときは、速やかにその措置をとらなければならない。

ハ　経済産業大臣は、消費機器が経済産業省令で定める技術上の基準に適合していないと認めるときは、ガス小売事業者に対し、その技術上の基準に適合するように消費機器を修理し、改造し、又は移転すべきことを命ずることができる。

二　ガス小売事業者は、保安業務規程を変更しようとするときは、あらかじめ、その旨を経済産業大臣に届けなければならない。

ホ　ガス小売事業者及びガスの使用者は、保安業務規程を守らなければならない。""",1,2,3,4,5,,,,,2
"""消費機器の技術上の基準で規定されている次の記述のうち、いずれも正しいものの組合せはどれか。

イ　ガスの消費量が１２KWを超える屋内に設置するガス瞬間湯沸器であって、密閉燃焼式以外のものには、当該燃焼器に接続して排気筒を設けること。ただし、当該燃焼器の構造上その他の理由によりこれによることが困難な場合において、当該燃焼器のための排気フードを設けるときは、この限りでない。

ロ　自然排気式の燃焼器の排気筒の天井裏、床裏等にある部分は、燃焼器出口の排気ガスの温度が１００℃を超える場合は、金属材料で覆われていなければならない。

ハ　自然排気式の燃焼器の排気筒に接続する排気扇には、これが停止した場合に当該燃焼器を安全に制御し、燃焼を継続する措置を設けること。

二　燃焼器であって、建物区分のうち特定地下室等に設置するものには、告示で定める規格に適合する自動ガス遮断装置を告示で定める方法により設けること。

ホ　燃焼器は供給されるガスに適応したものであること。""",イ、二,イ、ホ,ロ、ホ,ロ、二,ハ、ホ,,,,,イ、ホ
気体の性質に関する次の記述のうち、誤っているものはどれか。,実在気体ｈ、低温の条件では、理想気体に近い性質を示す。,相変化に伴い吸収又は放出される熱を、潜熱という。,臨界温度より高い温度では、圧力をどれほど高くしても気体を液化させることはできない。,気体の粘土は、温度の上昇とともに増加する。,気体の粘土は、圧力によってほとんど変わらない。,,,,,実在気体ｈ、低温の条件では、理想気体に近い性質を示す。
温度２７℃、圧力５０KPaのメタンがはいっている容積４００㎥の容器Aと温度２７℃、圧力２０KPaのプロパンが入っている容積２００㎥の容器Bを接続した場合の混合気体全体の圧力（Kpa）として、最も近い値はどれか。ただし、いずれの気体も理想気体とし、容器AとBの接続語の混合気体の温度は２７℃と一定で、接続管の容積は無視できるものとする。,30,35,40,55,70,,,,,40
温度３００K、圧力１００KPaの気体１㎥を低圧膨張させて２㎥にした。このとき、気体がした仕事（KJ）として、最も近い値はどれか。,100,200,300,400,600,,,,,100
気体の熱力学に関する次の記述のうち、誤っているものはどれか。,熱も仕事もエネルギーの一形態である。,等温、定圧で2種の理想気体を混合すると、エントロピーは減少する。,逆カルノーサイクルを用いたヒートポンプの成績係数（COP)は必ず1以上となる。,熱力学の第二法則によれば、熱は自然には低温度の物体から高温度の物体へうつることはできない。,理想気体を可逆的に断熱膨張させた場合、内部エネルギーは減少する。,,,,,等温、定圧で2種の理想気体を混合すると、エントロピーは減少する。
カルノーサイクルにおいて、高温熱源（７５０K)から熱Q1を吸収し、低温熱源（３００K)に熱Q2を放出する場合、放熱量と吸熱量の比（Q2/Q1)として、最も近い値はどれか。,0.1,0.4,1,2.5,7.5,,,,,0.4
化学反応と化学平衡に関する次の記述のうち、誤っているものはどれか。,一次反応において、反応物質の濃度が半分に減少するのに要する時間は、反応のどの時点から測っても同じである。,化学平衡とは、可逆反応において、順方向と逆方向の反応速度が等しくなった状態をいう。,ある反応温度で発熱反応を平衡状態になるまで進行させたのちに、反応温度を上げると、反応はさらに進行して、新たな平衡状態に達する。,ある反応の標準自由エネルギー変化がわかれば、平衡定数を計算により求めることができる。,水を電気分解すれば、水素と酸素を発生することができる。,,,,,ある反応温度で発熱反応を平衡状態になるまで進行させたのちに、反応温度を上げると、反応はさらに進行して、新たな平衡状態に達する。
電気化学反応に関する次の記述のうち、誤っているものはどれか。,物質の持つ自由エネルギーを直接電気エネルギーとして取り出すことができる。,電子を受け取る反応をカソード反応という。,標準電極電位が高い金属ほど、イオン化傾向は小さい。,電池を構成したとき、標準電極電位が高い方がプラス側の電極となる。,銅（Cu)の標準電極電位はマグネシウム（Mg)より低い。,,,,,銅（Cu)の標準電極電位はマグネシウム（Mg)より低い。
メタン５㎥を空気比１．５で完全燃焼させるのに必要な空気量（㎥）として、最も近い値はどれか。ただし、気体は標準状態（温度０℃、圧力101325Pa）とし、空気中の窒素と酸素の体積比は４：１とする。,15,30,50,75,90,,,,,75
メタン９０vol％、プロパン１０vol％からなる混合ガスの空気中における燃焼下限界（vol％）として、最も近い値はどれか。ただし、同条件における単体ガスの燃焼下限界は、メタン０.５vol％、プロパン２.０vol％とする。,3.5,3.7,3.9,4.3,4.7,,,,,4.3
気体容器内の圧力を測定するため、水を注入したマノメーターの一端を気体容器に接続し、別の一端を大気開放した。水位の差Hは５０ｍｍであった。気体容器内のゲージ圧力（Pa)として、最も近い値はどれか。ただし、水の密度は1000Kg/㎥、重力加速度は9.8m/ｓ２とする。,49,196,490,980,1960,,,,,490
管内をな流れる流体に関する次の記述のうち、誤っているものはどれか。,壁近くでは、流体が粘性の影響を受けて流速が急激に変化する。,流体の粘性や乱れによって、流れの下流の圧力が上流の圧力と比べ低くなることを圧力損失という。,配管の屈曲部で生じる圧力損失は、流れの方向を急激に変化させるより緩やかに変化させる方が小さい。,直円管内の流れでは、レイノルズ数がある値以上となると層流から乱流に遷移する。,乱流における管摩擦係数は、管壁面の粗さに依存しない。,,,,,乱流における管摩擦係数は、管壁面の粗さに依存しない。
熱交換器において、高温流体の入口温度は180℃、出口温度は50℃であった。また、低温流体の入口温度は20℃、出口温度は90℃であった。このときの高温流体の温度効率（％）として、最も近い値はどれか。,28,44,74,81,88,,,,,81
伝熱に関する次の記述のうち、誤っているものはどれか。,熱伝導での伝熱量の大きさは、温度勾配に比例する。,対流熱伝達には、自然対流や強制対流、相変化を伴う沸騰と凝縮等の様々な形態がある。,熱放射では、原子や分子のような物質を介さず真空中でも伝熱が可能である。,外部から入射してくる電磁波を完全に吸収する仮想の物体を、黒体という。,熱交換器では対流熱伝達が生じ、熱伝導は生じない。,,,,,熱交換器では対流熱伝達が生じ、熱伝導は生じない。
材料の破壊に関する次の記述のうち、誤っているものはどれか。,無限の繰り返し数に破断しないで耐えることのできる応力振幅を、破損限度と呼ぶ。,クリープは、応力が大きいほど、温度が高いほど、顕著に現れる。,応力腐食割れは、引張応力によって起きるが、圧縮応力によっては起こらない。,アルミニウム等の面心立方晶金属には、低温ぜい性が認められない。,溶接部近傍で生じる遅れ割れは、拘束応力や冷却速度が大きくなる大型構造物で発生しやすい。,,,,,アルミニウム等の面心立方晶金属には、低温ぜい性が認められない。
ある延性材料の試験片について、常温で引張試験を行ったところ、降伏点での引張応力が４５０MPaであった。この材料を許容応力９８MPaで使用するときの安全係数として、最も近い値はどれか。,0.2,0.5,2,5,10,,,,,0.2
"""都市ガスの原料及びその取り扱いに関す次の記述のうち、いずれも誤っているものの組合せはどれか。

イ　メタンは常温では空気の約半分の重さであり拡散しやすいが、-82℃以下の低温では、空気より重いので注意を要する。

ロ　濃縮とは、貯蔵中のLNGにおいて外部からの入熱により沸点お低いメタンを主成分とするボイルオフガス（BOG)が発生することにより生じる現象である。

ハ　LNGを取り扱う配管等をクールダウンが生じないよう、時間をかける必要がある。

二　ガスが漏えいして発生した火災の場合は、ガスが漏えいした状態であっても早期に消火するほうが安全である。

ホ　LNGを取り扱う機器に対しては、低温靭性に優れた材料を用いる必要がある。""",イ、ハ,イ、二,ロ、二,ロ、ホ,ハ、ホ,,,,,イ、二
"""製造設備に関する次の記述のうち、いずれも誤っているものの組合せはどれか。

イ　回転式スクリュー型圧縮機は、圧力が変化すると、ガス流量も変動する。

ロ　仕切弁（ゲート弁）は、開閉時のストロークが小さく、開閉時期が短い。

ハ　うず巻ポンプは、他の型式に比較して軽量、構造が簡単で取り扱いが容易であるため、ガス製造所では多く採用されている。

二　円筒形LPG貯槽は、加圧式貯蔵法に分類され、比較的小容量の貯槽として最も経済的であるため広く使用されている。

ホ　エアフィン式気化器は、運転費が低廉でベースロード用として使用されるが、長時間運転すると空気中の水分が伝熱管の表面に氷となって付着し、連続運転時間に制約が生ずる。""",イ、ロ,イ、ハ,ロ、二,ハ、ホ,二、ホ,,,,,イ、ロ
"""製造設備の電気設備及び計装設備に関する次の記述のうち、いずれも正しいものの組合せはどれか。

イ　PID制御におけるD動作とは、P動作により生じた偏差を時間的に積分してこの値がゼロのなるよう修正するものである。

ロ　カスケード制御とは、あるプロセス量とそれ以外のプロセス量を、ある一定の比率に保つように制御する方式をいう。

ハ　安全増防爆構造とは、電気機械器具を構成する部分に発生する火花、アーク又は熱が、ガス又は蒸気に点火するおそれがないことが点火試験等により確認された構造のことである。

二　電気使用場所における使用電圧が低圧の電路の電線相互間及び電路と大地の間の絶縁抵抗は、３００Vを超える場合に０.４MΩ以上でなければならない。

ホ　電気事業法における事業用電気工作物に該当する電気設備を設置する者は、電気事業法に基づく保安規程の作成、電気主任技術者の選任などを行い、製造所における自主保安体制を確立しなければならない。""",イ、ロ,イ、ハ,ロ、二,ハ、ホ,二、ホ,,,,,二、ホ
"""都市ガスの熱量調整、燃焼性管理及び熱量測定に関する次の記述のうち、いずれも誤っているものの組合せはどれか。

イ　燃焼速度は、ガス組成、空気比等の条件により変化する値であり、どのガスでも組成に応じて、ある空気比のときに最大となる。この値を最大燃焼速度（MCP)という。

ロ　ウォッベ指数（WI)は、ガス機器ノズルの開度調整に必要な指数であり、ガスの総発熱量に比例、比重の平方根に反比例する。

ハ　ガスクロマトグラフの水素炎イオン化検出器（FID)は、水素炎中においてカラムで分離された有機化合物成分が燃焼するときに電極間に発生する電圧を検出する。

二　ガスクロマトグラフでは、クロマトグラムのそれぞれのピークの面積を、同一条件下で得られる混合標準ガス又は純ガスのピークの面積と比較し、各成分を定量する。

ホ　LPGを用いて増熱し熱量を調整する場合、LPGの燃焼速度は比較的速いため、WI=MCP図で、混合ガスの燃焼性の範囲を確認する。""",イ、ロ,イ、ハ,ロ、二,ハ、ホ,二、ホ,,,,,ハ、ホ
"""下記は、都市ガスの付臭方式の特徴をまとめたものである。（イ）～（ハ）に当てはまる語句の組合せとして最も適切なものはどれか。

付臭方式　　　　　　　　（イ）　　（ロ）　　（ハ）

適正な処理能力　　　　　　小　　　小～中　　中～大

混合付臭剤使用の適否　　 不適※　　   適　　　　適

建設費　　　　　　　　　　小　　　　中　　　　大

設置面積　　　　　　　　　中　　　　中　　　　大

　　　　　　　　　　　　※沸点が近い臭物質を混合した付臭剤はこの限りではない。""",（イ）滴下注入式　（ロ）蒸発式　（ハ）ポンプ注入式,（イ）滴下注入式　（ロ）ポンプ注入式　（ハ）蒸発式,（イ）蒸発式　（ロ）滴下注入式　（ハ）ポンプ注入式,（イ）蒸発式　（ロ）ポンプ注入式　（ハ）滴下注入式,（イ）ポンプ注入式　（ロ）滴下注入式　（ハ）蒸発式,,,,,（イ）蒸発式　（ロ）滴下注入式　（ハ）ポンプ注入式
"""製造設備の保安及び防災に関する次の記述のうち、いずれも誤っているものの組合せはどれか。

イ　電気設備を可燃性ガスの通ずる設備の付近に設置する場合は、その設置場所の状況及び当該可燃性ガスの種類に応じた防爆性能を有するものでなければならない。

ロ　ガス主任技術者は、原則として、保安統括者、保安管理者（保安管理者を置かない製造所等にあっては、保安主任者）又は保安係員に選ばれた者から選任される。

ハ、製造設備の運転及び監視に係る制御システムには、サイバー攻撃等からのリスクを判断した上で、適切なセキュリティ対策を講ずる。

二　停電等によりBOG圧縮機の停止時間が長くなると、LNG貯槽の内部圧力が上昇するので、内部圧力監視を強化し、必要に応じて放散処理設備による降圧の準備を行う。

ホ　台風接近時は、徐々に気圧が低下するため、事前にLNG貯槽の圧力を上げておく。""",イ、ハ,イ、二,ロ、二,ロ、ホ,ハ、ホ,,,,,ロ、ホ
"""製造設備の建設及び総業に関する次の記述のうち、いずれも誤っているものの組合せはどれか。

イ　レベル１地震動に対する耐震性能評価では、構造物の塑性変形能力を期待した設計法により、耐震上重要な部位に生ずる応答塑性率を超えないことを確認する。

ロ　LNGは貯蔵中に外部からの入熱によりBOGが常に発生するため、貯槽内のLNGの濃縮が進むが、その度合いは貯槽レベルにより異なる。

ハ　LNG受入れ時には大量のBOGが発生し、BOG圧縮機の負荷を上げるため、電力デマンドの管理が必要となる。

二　LNGサテライト基地における熱量管理は、出荷元のLNG熱量に依存しており、貯槽の保有数も限定されるため、貯槽内濃縮の管理が重要である。

ホ　ガス事業法の定めにより、製造所では熱量等についてｈ毎日１回以上、臭気濃度については毎月１回以上、供給ガスに特殊成分が含まれる場合はその特殊成分を毎月１回以上、それぞれ定められた方法で測定し、記録を残さなければならない。""",イ、ロ,イ、ホ,ロ、ハ,ハ、二,二、ホ,,,,,イ、ホ
"""製造設備の保全に関する次の記述のうち、いずれも誤っているものの組合せはどれか。

イ　ポンプ、圧縮機等の軸封部シールに用いられるメカニカルシールの漏れは、シートリングの摩耗の偏りによるものが多く、その場合にはシートリングの端面を加工する必要がある。

ロ　腐食性流体により金属表面にエロ―ジョンコロージョンが発生する場合、同じ液体による腐食と摩耗が単独に働いたときの作用の和よりも大きな損耗を与える。

ハ　溶接部分は、母材、熱影響部、溶接金属で硬度が変化し、その硬度が高い部分に集中して繰り返しひずみを受けることとなり疲労強度の低下につながる。

二　超音波厚み計は、送信用振動子から発せられた超音波を板の裏面で反射し、その波を受信用振動子が受け、送信から受信までの時間を板厚に換算するものである。

ホ　放射線透過試験（RT)は、欠陥の形状をフィルム上に投影された像として見ることができるが、欠陥形状の直観性に欠ける検査方法である。""",イ、ハ,イ、二,ロ、二,ロ、ホ,ハ、ホ,,,,,ハ、ホ
"""環境対策に関する次の記述のうち、いずれも誤っているものの組合せはどれか。

イ　排ガス再循環とは、燃焼排ガスの一部を燃焼用空気に混入して炉内に送り込み、CO2の発生の減少を図るものである。

ロ　すべての水域において、水素イオン濃度指数（pH）は常に規制される項目の一つであり、多くの水中生物、農作物にとって望ましい水のpHは、５.８～８.６である。

ハ　メタンを主成分とする天然ガスは、石炭や石油に比べ、分子中の炭素原子の割合が大きいため、燃焼時のCO２排出量が最も少ない化石燃料である。

二　カーボンニュートラルとは、温室効果ガスの排出量と吸収量を均衡させることを意味する。

ホ　e-methane（イーメタン）とは、グリーン水素等の非化石エネルギー源を原料として製造された合成メタンのことをいう。""",イ、ハ,イ、ホ,ロ、ハ,ロ、二,二、ホ,,,,,イ、ハ
"""口径１０ｃｍ、延長２００ｍの低圧導管において、起点圧力と末端圧力との差が０.４KPaのときガス流量は１２０㎥/ｈであった。口径２０ｃｍ、延長４００ｍの低圧導管において、起点圧力と末端圧力との差が０.１KPaのときのガス流量（㎥/ｈ）として、最も近い値はどれか。なお、いずれも同一のガスをながすものとし、到底さは高低差は考慮しないものとする。""",120,240,260,340,480,,,,,240
整圧器に関する次の記述のうち、誤っているものはどれか。,アキシャルフロー式（軸流式）整圧器の二次圧力の設定は、パイロットスプリングで調整する。,パイロット式整圧器は、一次圧力と二次圧力の差圧が一定以上確保されない場合、作動できなくなる。,大規模地区整圧器として使用する場合には、オフセット及びロックアップが小さく、動特性の優れた整圧器を選定する。,ハウスレギュレーターは、一般に不純物除去装置と圧力上昇防止装置を一体化している。,整圧器を並列に設置している場合、予備整圧器を分解点検したときは、点検完了後に常用整圧器を停止し、予備整圧器が正常に作動することを確認する。,,,,,大規模地区整圧器として使用する場合には、オフセット及びロックアップが小さく、動特性の優れた整圧器を選定する。
"""次のガスメーターのうち、推量式に分類されるものはいくつあるか。

イ　渦流式ガスメーター

ロ　超音波式ガスメーター

ハ　膜式ガスメーター

二　オリフィス式ガスメーター

ホ　回転式ガスメーター""",1,2,3,4,5,,,,,3
"""内圧を受ける鋼管の管厚ｔ（ｍｍ）を求める場合のガス事業法の管厚計算式について（イ）～（ハ）にあてはまる語句等の組合せとして、適切なものはどれか。なお、この鋼管の外径と内径の比は１.５以下とする。

管厚ｔ(ｍｍ）＝（内圧(Mpa）×（イ）(ｍｍ） / （ロ）×（ハ）(N/㎟）×継手効率 ＋ ０.８ × 内圧(MPa））＋ 腐れしろ(ｍｍ）　""",（イ）導管の内径　（ロ）２　（ハ）許容引張応力,（イ）導管の内径　（ロ）４　（ハ）引張強さ,（イ）導管の内径　（ロ）２　（ハ）引張強さ,（イ）導管の外径　（ロ）４　（ハ）引張強さ,（イ）導管の外径　（ロ）２　（ハ）許容引張応力,,,,,（イ）導管の外径　（ロ）２　（ハ）許容引張応力
導管の腐食に関する次の記述のうち、誤っているものはどれか。,レール漏れ電流のよる電食は、電気鉄道のレールを流れる電流の一部が地中に流出することに起因して発生する腐食である。,他防食施設からの干渉による電食は、近接する埋設導管に他防食施設から防食電流の一部が流入し、流出部において発生する腐食である。,通気性の異なる土壌にまたがって埋設されている導管では、通気性の悪い部分をアノードとするマクロセルが形成され腐食が生じることがある。,コンクリート中と土壌中をまたがって埋設されている導管では、コンクリート部分をアノード、土壌部分をカソードとするマクロセルが形成される。,異なる２種の金属が土壌中で電気的に接続されると、各々の金属の自然電位の差によりマクロセルが形成されて、自然電位がマイナス側の金属が腐食する。,,,,,コンクリート中と土壌中をまたがって埋設されている導管では、コンクリート部分をアノード、土壌部分をカソードとするマクロセルが形成される。
"""導管の工事に関する次の記述のうち、誤っているものはいくつあるか。

イ　外径８０ｍｍ以上の低圧本支管を道路に埋設する際に、管の表面に２ｍの間隔で占用物件の名称、管理者、埋設年、ガスの圧力をテープで明示した。

ロ　屋内露出部の横引配管にフレキ管を使用し、３ｍごとに支持固定した。

ハ　漏えいしたガスが滞留するおそれのあるピット内に配管したので、点検口を設けた。

二　防火区画を貫通する内管を施工する際に、壁との隙間をモルタルで埋めた。

ホ　耐圧試験を最高使用圧力の１.５倍以上の圧力で、不活性ガスを用いて行った。""",1,2,3,4,5,,,,,1
導管の溶接欠陥に関する次の記述のうち、誤っているものはどれか。,ブローホールとは、溶接金属内に残留したガスのため空洞が生じた状態をいう。,融合不良とは、溶接金属と母材又は溶接金属同士が溶着していない状態をいう。,スラグ巻込みとは、開先の一部がそのまま残った状態をいう。,溶込み不良とは、開先の一部がそのまま残った状態をいう。,クレーターとは、表面における溶接金属と母材の境界の凹みをいう。,,,,,クレーターとは、表面における溶接金属と母材の境界の凹みをいう。
"""導管の維持管理に関する次の記述のうち、誤っているものはいくつあるか。

イ　半導体式ガス検知器は、半導体の電導度が雰囲気ガスの吸着によって変化することを利用したものである。

ロ　本支管への浸水による供給支障の際に、管内から採取された水が水道水か否かを判別するため、水道事業者に緊急調査を依頼した。

ハ　低圧導管の管体に腐食孔が発生したので、樹脂ライニング系工法による恒久修理を行った。

二　中圧導管の管体に発生した亀裂からの漏えいを修理するために、鋼製修理バンド工法を適用した。

ホ　需要家等からのガス漏えい等の通報に対する出動は、その内容に応じて一般出動、緊急出動及び特別出動に区分する。""",1,2,3,4,5,,,,,1
地震対策に関する次の記述のうち、誤っているものはどれか。,中・低圧導管の地盤変位吸収能力を実験により求める場合、配管系に漏えいが生じるときの地盤変位量を地盤変異吸収能力とする。,"特殊地形地区における中圧導管では、非裏波溶接鋼管の耐震性向上対策として、反転シール工法が適用できる。
",供給停止判断のため、SI値又は最大速度値の計測が可能な地震計を統合ブロックに１台以上設置する必要がある。,第１次緊急停止判断は、二次災害防止を最優先として、巡回点検等により経時的に得られる被害情報と緊急時対応能力等に応じて実施する。,供給継続地区の需要家等からのガス漏えい通報に対しては、供給停止地区に優先して迅速かつ適切に対応し、二次災害防止に必要な措置を講ずる。,,,,,第１次緊急停止判断は、二次災害防止を最優先として、巡回点検等により経時的に得られる被害情報と緊急時対応能力等に応じて実施する。
ガスの燃焼及び伝熱に関する次の記述のうち、誤っているものはどれか。,ガスの燃焼方式は、赤火燃焼式やブンゼン燃焼式等があり、ガスと空気が混合する場所や一次空気量によって大別される。,実際のガス機器では、理論空気量だけでガスを完全燃焼させることはできず、２０～４０％の過剰空気が必要である。,濃淡燃焼バーナーは、ブンゼン式バーナーとセミブンゼン式バーナーを交互に配置した構造となっている。,ブンゼン燃焼式の外炎では、内炎で発生した中間生成物が二次空気と接触することによって反応が進む。,伝熱の一形態である対流は、流体の運動により熱が移動する現象である。,,,,,濃淡燃焼バーナーは、ブンゼン式バーナーとセミブンゼン式バーナーを交互に配置した構造となっている。
ガスの燃焼に関する次の記述のうち、誤っているのはどれか。,ブンゼンバーナーでは、インプットの高い範囲で燃焼させて場合、一次空気量を上げるとリフティングが発生し、下げると不完全燃焼が発生するという燃焼特性を有する。,火移り不良は、一部の炎口のつまり等で炎口と炎口の間隔が開きすぎている時にも発生する場合がある。,イエローチップの炎でガス機器を使用していると、すすが熱交換器等に付着して不完全燃焼の原因となるおそれがある。,ブンゼンバーナーでは、ガスの組成変化によりウォッベ指数が小さくなると、不完全燃焼が発生するおそれがある。,ブンゼンバーナーでは、バーナー部分が高温になりそこを通る混合ガスの温度が極端に上昇すると、フラッシュバックが発生する場合がある。,,,,,ブンゼンバーナーでは、ガスの組成変化によりウォッベ指数が小さくなると、不完全燃焼が発生するおそれがある。
"""家庭用ガス温水機器に関する次の記述のうち、いずれも誤っているものの組合せはどれか。

イ　自己診断機能には、給排気通路の閉そく状態ではファンの風量が少なくなり、ファンモーターに流れる電流値が小さくなる特徴を利用する方法がある。

ロ　燃焼用の空気を屋内からとり、燃焼排ガスを排気筒で屋外に排出する方式のふろがまをBF式ふろがまという。

ハ　Q機能を搭載した瞬間湯沸器では、冷水サンドイッチ現象を緩和し、安定した湯温を得ることができる。

二　元止め式瞬間湯沸器は、湯を使用する場所に取り付けられ、湯沸器の出湯管から直接湯を使う機能である。

ホ　給湯能力が２０号の瞬間湯沸器では、１０℃から４０℃に昇温させたお湯を毎分２０L供給できる。""",イ、ハ,イ、二,ロ、二,ロ、ホ,ハ、ホ,,,,,ロ、ホ
家庭用ガス機器に関する次の記述のうち、誤っているものはどれか。,こんろに装備される中火点火機能は、点火時の着衣着火火災を防止するためのものである。,オーブンは、庫内温度が調整でき、高温（２５０℃～３００℃）の熱風を循環させて、短時間に多量の調理ができる。,ファンヒーターは、転倒したり強い衝撃が加わったとき、ガスを遮断し火災を防止する転倒時安全装置を搭載している。,FF式暖房機の排気筒外れ検知装置には、微小電流導通検知の方法が用いられている。,回転式ドラム乾燥機は、乾燥センサーに接触した衣類の温度を測定して、湿り具合を判断している。,,,,,回転式ドラム乾燥機は、乾燥センサーに接触した衣類の温度を測定して、湿り具合を判断している。
業務用ガス機器及びコージェネレーションシステム（CGS)に関する次の記述のうち、誤っているものはどれか。,業務用厨房に設置される排気ダクト接続型の半密閉式瞬間湯沸器には、一般的に排気温度センサー、排気あふれセンサー及びCOセンサーが搭載されている。,パルス燃焼式フライヤーは浸管式の一種で、ガスの燃焼にパルス燃焼を採用しており、熱交交換器部分の面積を大幅に小さくすることができる。,遠赤外線暖房に利用される遠赤外線は、途中の空気を暖めることなく直接身体や床、壁等に浸透し暖める性質を持っている。,都市ガスを用いる代表的なCGSには、ガスエンジン式、ガスタービン式及び燃料電池式がある。,固体高分子形燃料電池（PEFC)は、作動温度が約７００℃と高く、起動や停止に対する耐久性が低いため、原則として連続運転になる。,,,,,固体高分子形燃料電池（PEFC)は、作動温度が約７００℃と高く、起動や停止に対する耐久性が低いため、原則として連続運転になる。
換気及び一酸化炭素（CO)に関する次の記述のうち、誤っているものはどれか。,自然換気における空気の流れを起こす力の種類には、風圧を利用したものと、空気の温度差によって生じる浮力をりようしたものとがある。,ガスこんろ上部の排気フードは、こんろ上面から１０００ｍｍ以上に設置されなければならない。,高層住宅等では、外風圧の影響により換気風量が大きく変動するため、シロッコファン等の高静圧な換気扇を使う必要がある。,自然換気回数は、一般的に次式で表される。　N=Q/V 　n:自然換気回数(回/h)   Q:自然換気量(㎥/h)   V:室の容積(㎥),都市ガスの燃焼に必要な酸素の不足等により、燃焼反応が集結しないと、反応途中の物質としてCOが発生する。,,,,,ガスこんろ上部の排気フードは、こんろ上面から１０００ｍｍ以上に設置されなければならない。
ガス機器の給排気に関する次の記述のうち、誤っているものはどれか。,合計インプットが６KWを超える開放型ガス機器を調理室以外の部屋に設置する場合、その部屋には機械換気を設ける必要がある。,CF式機器を設置する際、現場状況に合わせて一次排気筒及び二次排気筒ともに適切な長さに現場で加工調整する必要がある。,BF-W式機器の設置に際しては、給排気部が壁を貫通する箇所に隙間があってはならない。,FF式機器には、BF式機器と同様、外壁式、チャンバー式及びダクト式がある。,既存のBF式機器の給排気筒トップ穴を利用して、壁貫通部に設置するタイプのRF式機器がある。,,,,,CF式機器を設置する際、現場状況に合わせて一次排気筒及び二次排気筒ともに適切な長さに現場で加工調整する必要がある。
ガス機器の安全装置、点火装置及び制御装置に関する次の記述のうち、誤っているものはどれか。,調理油過熱防止装置は、現在販売されている２口以上の家庭用こんろの全口に搭載することが義務化されている。,不完全燃焼防止装置に使用されているCOセンサーには、固体電解質式、接触燃焼式及び半導体器がある。,温水機器の空だき安全装置には、水位スイッチ式や水流スイッチ式等がある。,瞬時点火装置では、熱電対の起電力が十分に発生するまでの間、コンデンサーの放電電流によりガス弁を開状態に保持している。,比例電磁弁は、コイルに流れる電流による電磁力により弁を制御し、連続的にガス量を調節するものである。,,,,,温水機器の空だき安全装置には、水位スイッチ式や水流スイッチ式等がある。
ガス栓、接続具及び警報器に関する次の記述のうち、誤っているものはどれか。,ガスソフトコードをコンセント口のガス栓に接続するためには、ガス栓用プラグを用いる。,ヒューズガス栓のヒューズボールがガスを遮断する流量を、ヒューズ作動流量といい、ヒューズガス栓本体に表示されている。,ガス小型湯沸器は、強化ｶﾞｽホースで可とう管ガス栓と接続できる。,空気より軽い都市ガスを検知するガス警報器は、ガス機器から水平距離で８ｍ以内の同一の室内に設置しなければならない。,業務用換気警報器は、人体に一酸化炭素の悪影響が及ぶおそれのある環境に達した場合にのみ警報を発するという警報ロジックを採用している。,,,,,ガスソフトコードをコンセント口のガス栓に接続するためには、ガス栓用プラグを用いる。
"”法令で規定されているガス事業法の目的、用語の定義等に関する次の記述のうち、いずれも誤っているものの組合せはどれか。
（イ）この法律は、ガス事業の運営を調整することによって、ガス事業者の利益を保護し、及びガス事業の健全な発達を図るとともに、ガス工作物の工事、維持及び運用並びにガス用品の製造及び販売を規制することによって、公共の安全を確保し、あわせて公害の防止を図ることを目的とする。

（ロ）「ガス事業」とは、ガス小売事業、一般ガス導管事業、特定ガス導管事業及びガス製造事業をいう。
 
（ハ）ガス小売事業を営もうとする者は、経済産業大臣の許可を受けなければならない。

（二）「液化ガス」とは、常用の温度において、圧力が0.2MPa以上となる液化ガスであって、現にその圧力が0.2MPa以上であるもの又は圧力が0.2MPaとなる場合の温度が35°C以下である液化ガスをいう。
 
（ホ）高圧ガス保安法中高圧ガスの製造又は販売の事業及び高圧ガスの製造又は販売のための施設に関する規定は、ガス事業及びガス工作物については、適用しない。”",イ、ロ,イ、ハ,ロ、ホ,ハ、ニ,ニ、ホ,,,,,イ、ハ
"""法令で規定されているガス小売事業者の業務等に関する次の記述のうち、正しいものはいくつあるか。

イ　ガス小売事業者は、正当な理由がある場合を除き、その小売供給の相手方の当該小売供給に係るガスの需要に応ずるために必要な供給能力を確保しなければならない。

ロ　ガス小売事業者は、小売供給を受けようとする者（ガス事業者である者を除く。）と小売供給契約の締結をしようとするときは、経済産業省令で定めるところにより、当該小売供給に係る料金その他の供給条件について、その者に説明しなければならない。

ハ　ガス小売事業者は、経済産業省令で定めるところにより、その供給するガスの熱量、圧力及び燃焼性を測定し、その結果を記録し、これを保存しなければならない。

二　ガス小売事業者は、経済産業省令で定めるところにより、 毎年度、当該年度以降経済産業省令で定める期間におけるガスの供給並びにガス工作物の設置及び運用についての計画を作成し、当該年度の開始前に（ガス小売事業者となった日を含む年度にあっては、ガス小売 事業者となった後遅滞なく）、経済産業大臣に届け出なければならない。

ホ　ガス小売事業者は、経済産業省令で定めるところにより、その供給するガスの成分のうち、人体に危害を及ぼし、又は物件に損傷を与えるおそれがあるものの量が経済産業省令で定める数量を超えていないかどうかを検査し、その量を記録し、これを保存しなければならない。"" ",1,2,3,4,5,,,,,5
法令で規定されているガス工作物に関する次の記述のうち、正しいものはどれか。,経済産業大臣は、公共の利益の確保のため緊急の必要があると認めるときは、ガス小売事 業者に対し、そのガス工作物を移転し、若しくはその使用を一時停止すべきことを命ずることができる。,ガス小売事業の用に供するガス工作物のうちガス小売事業者以外の者が所有し、又は占有するガス工作物についてガス小売事業者が、経済産業省令で定める技術上の基準に適合す るように維持するため必要な措置を講じようとするときは、当該ガス工作物の所有者又は占有者はその措置の実施に協力するよう努めなければならない。,ガス小売事業者は、ガス工作物の工事、維持及び運用に関する保安を確保するため、経済 産業省令で定めるところにより、保安規程を定め、事業の開始前に経済産業大臣の許可を受けなければならない。,保安規程では、保安業務監督者が旅行、疾病その他事故によってその職務を行うことができない場合に、その職務を代行する者に関することを定めなければならない。,保安規程では、消費機器に関する周知、 調査等の実施の方法に関することを定めなければならない。,,,,,ガス小売事業の用に供するガス工作物のうちガス小売事業者以外の者が所有し、又は占有するガス工作物についてガス小売事業者が、経済産業省令で定める技術上の基準に適合す るように維持するため必要な措置を講じようとするときは、当該ガス工作物の所有者又は占有者はその措置の実施に協力するよう努めなければならない。
"""次のガス事故のうち、ガス事故速報及びガス事故詳報を報告することが法令で規定されているものはいくつあるか。
ただし、台風、 高潮、洪水、津波、地震その他の自然災害又は火災による広範囲の地域にわたるガス工作物の損壊事故、製造支障事故又は供給支障事故であって、経済産業大臣が指定するものを除く

イ　ガス工作物（ガス栓を除く。）を操作することにより人が負傷した事故

ロ　供給支障戸数が100の供給支障事故（保安閉栓を除く。）

ハ　製造支障時間が10時間の製造支障事故

二　消費機器の使用に伴い人が死亡した事故

ホ　ガス栓の欠陥によりガス栓から漏えいしたガスに引火することで発生した物損事故""",1,2,3,4,5,,,,,5
法令で規定されているガス主任技術者に関する次の記述のうち、正しいものはいくつあるか。,イ　ガス主任技術者は、経済産業省令で定めるところにより、ガス主任技術者免状の交付を受けている者であって、経済産業省令で定める実務の経験を有するもののうちから、ガス事業者が選任しなければならない。,ロ　ガス製造事業において、経済産業省令で定める実務の経験は、製造又は供給の用に供するガス工作物の工事、維持又は運用に関する業務に通算して1年以上従事したこととする。,ハ　ガス製造事業者は、ガス主任技術者を解任するときは、事前にその旨を経済産業大臣に届け出なければならない。,二　ガス製造事業の用に供するガス工作物の工事、維持又は運用に従事する者は、ガス主任技術者がその保安のためにする指示に従わなければならない。,ホ　経済産業大臣は、ガス主任技術者がこの法律若しくはこの法律に基づく命令若しくはこれらに基づく処分に違反したときは、ガス事業者に対し、ガス主任技術者の解任を命ずることができる。,,,,,ハ　ガス製造事業者は、ガス主任技術者を解任するときは、事前にその旨を経済産業大臣に届け出なければならない。
法令で規定されている工事計画及び検査に関する次の記述のうち、誤っているものはどれか。,一般ガス導管事業者は、一般ガス導管事業の用に供するガス工作物の設置又は変更の工事であって、経済産業省令で定めるものをしようとするときは、その工事の計画を経済産業 大臣に届け出なければならない。ただし、ガス工作物が滅失し、若しくは損壊した場合叉 は災害その他非常の場合において、やむを得ない一時的な工事としてするときは、この限りでない。,一般ガス導管事業者は、経済産業省令で定める工事の計画を変更しようとするときは、 経済産業大臣に届け出なければならない。 ただし、その変更が経済産業省令で定める軽微 なものであるときは、この限りでない。 ,経済産業大臣は、工事の計画が経済産業省令で定める技術上の基準に適合していないと 認めるときは、一般ガス導管事業者に対し、その届出が提出された日から30日以内に限り、その工事の計画を変更し、又は廃止すべきことを命ずることができる。,一般ガス導管事業者は、 規定による届出をした設置又は変更の工事をするガス工作物で あって、経済産業省令で定めるものの工事について自主検査を行い、その結果が経済産業 大臣の登録を受けた者が行う検査に合格した後でなければ、これを使用してはならない。ただし、経済産業省令で定める場合は、この限りではない。,一般ガス導管事業者は、一般ガス導管事業の用に供するガス工作物であって経済産業省令で定めるものについては、経済産業省令で定めるところにより、定期に、自主検査を行い、その検査記録を作成し、これを保存しなければならない。,,,,,経済産業大臣は、工事の計画が経済産業省令で定める技術上の基準に適合していないと 認めるときは、一般ガス導管事業者に対し、その届出が提出された日から30日以内に限り、その工事の計画を変更し、又は廃止すべきことを命ずることができる。
"""技術基準で規定されているガス工作物に関する次の記述のうち、いずれも誤っているものの組合せはどれか。
 
イ　特定ガス発生設備に係る容器であって液化ガスを通ずるものは、その製造所の敷地境界から保安物件に対し告示で定める距離を有しなければならない。

ロ　製造所に設置するガス若しくは液化ガスを通するガス工作物には、そのガスの種類に応じて、適切な防消火設備を適切な箇所に設けなければならない。

ハ　製造所には、ガス又は液化ガスを通ずるガス工作物から漏えいしたガスが滞留するおそれのある製造所内の適当な場所に、当該ガスの漏えいを適切に検知し、かつ、警報する設備を設けなければならない。

二　製造所に設置するガス若しくは液化ガスを通ずるガス工作物の付近に設置する電気設備は、その設置場所の状況及びガスの種類に応じた防爆性能を有するものでなければならない。

ホ　液化ガスを通ずるガス工作物には、当該ガス工作物に生ずる静電気を除去する措置を講じなければならない。ただし、当該静電気によりガスに引火するおそれがない場合にあっては、この限りでない。""",イ、ロ,イ、ハ,ロ、二,ハ、ホ,二、ホ,,,,,イ、ロ
"""技術基準で「ガス又は液化ガスによる圧力を受ける部分を溶接する場合は、適切な機械 試験等により適切な溶接施工方法等であることをあらかじめ確認したものによらなければならない。」と規定されているガス工作物は、次のうちいくつあるか。

イ　容器であって、最高使用圧力が0.2MPa以上のガスを通ずるもの（内容積が0.04m以上又は内径が200mm以上で、長さが1000mm以上のものに限る。）

ロ　容器であって、液化ガスを通ずるもの（最高使用圧力をMPaで表した数値と内容積をm2で 表した数値との積が0.004以下のものを除く。）

ハ　内径が150mm以上の配管であって、最高使用圧力が中圧のガスを通ずるもの

二　内径が150mm以上の配管であって、液化ガスを通ずるもの

ホ　導管であって、最高使用圧力が高圧のガスを通ずるもの""",1,2,3,4,5,,,,,4
技術基準で規定されているガス工作物に関する次の記述のうち、誤っているものはどれか。,最高使用圧力が高圧のガス発生設備であって、過圧が生ずるおそれのあるものには、その圧力を逃すために適切な安全弁を設けなければならない。この場合において、当該安全弁は、作動時に安全弁から吹き出されるガスによる障害が生じないよう施設しなければならない。,ガスホルダーには、ガスを通する設備の損傷を防止するため使用の状態を計測又は確認できる適切な装置を設けなければならない。,ガスホルダーには、ガスを通する設備の損傷に至るおそれのある状態を検知し警報する適切な装置を設けなければならない。,製造設備を安全に停止させるのに必要な装置その他の製造所及び供給所の保安上重要な設備には、停電等により当該設備の機能が失われることのないよう適切な措置を講じなければならない。,ガスホルダーのガスを送り出し、又は受け入れるために用いられる配管には、ガスが漏えいした場合の災害の発生を防止するため、漏えいしたガスを速やかに回収することができる適切な装置を適切な箇所に設けなければならない。,,,,,ガスホルダーのガスを送り出し、又は受け入れるために用いられる配管には、ガスが漏えいした場合の災害の発生を防止するため、漏えいしたガスを速やかに回収することができる適切な装置を適切な箇所に設けなければならない。
"""技術基準で規定されているガス工作物に関する次の記述のうち、いずれも誤っているものの組合せはどれか。

イ　製造設備（ガスホルダー、液化ガス用貯槽及び特定ガス発生設備を除く。）には、使用中に生じた異常による災害の発生を防止するため、その異常が発生した場合にガス又は液化ガスの流出及び流入を速やかに遮断することができる適切な装置を適切な箇所に設けなければならない。

ロ　移動式ガス発生設備は、ガス又は液化ガス（不活性のものを除く。)が漏えいした場合の火災等の発生を防止するため、適切な場所に設置し、容易に移動又は転倒しないように適切な 措置が講じられていなければならない。

ハ　容器に附属する気化装置内においてガスを発生させる特定ガス発生設備であって当該気化装置を電源によって操作するものは、自家発電機その他の操作用電源が停止した際にガスの供給を遮断するための装置を設けなければならない。

二　ガスの通ずる部分に直接液体又は気体を送入する装置を有する製造設備（移動式ガス発生 設備を含む。）は、送入部分を通じてガスが逆流することによる設備の損傷又はガスの大気への放出を防止するため逆流が生じない構造のものでなければならない。

ホ　気化装置又はそれに接続される配管等には、気化装置からガスの流出を防止する措置を講じなければならない。 ただし、気化装置からのガスの流出を考慮した設計である場合は、この限りでない。""",イ、ロ,イ、ハ,ロ、二,ハ、ホ,二、ホ,,,,,ハ、ホ
技術基準で規定されているガス工作物に関する次の記述のうち、誤っているものはどれか。,水のたまるおそれのある導管には、適切な勾配を設けなければならない。,導管には、設置された状況により腐食を生するおそれがある場合にあっては、当該導管の腐食を防止するための適切な措置を講じなければならない。,道路に埋設される本支管（最高使用圧力が5kPa以上のポリエチレン管に限る。）には、掘削等による損傷を防止するための適切な措置を講じなければならない。,最高使用圧力が低圧の本支管であって、特定地下街等へのガスの供給に係るものには、当該特定地下街等において災害が発生した場合に、当該特定地下街等へのガスの供給を、当該災害により妨げられない箇所において、容易に遮断することができる適切な措置を講じなければならない。,ガス事業者がガスの使用者との取引のために使用するガスメーター（使用最大流量が毎時 16m2以下使用最大圧力が4kPa以下及び口径250mm以下のものに限る。）は、ガスが流入している状態において、災害の発生のおそれのある大きさの地震動、過大なガスの流量又は異常なガス圧力の低下を検知した場合に、ガスを速やかに遮断する機能を有するものでなければならない。,,,,,水のたまるおそれのある導管には、適切な勾配を設けなければならない。
"""技術基準で規定されている導管に関する次の記述のうち、誤っているものはいくつあるか。
ただし、イ、口については、漏えい検査を行う区間に漏えい検知装置が設置されておらず、検査にあたって導管等が設置されている場所に立ち入ることができるものとする。 

イ　道路に埋設されている導管からガス栓までの間に絶縁措置が講じられており当該絶縁措置が講じられた部分からガス栓までの間でプラスチックにて被覆された部分は、埋設の日以後6年に1回以上、適切な方法により検査を行い、 漏えいが認められなかったものでなければならない。

ロ　道路に埋設されている導管からガス栓までの間に設置されているポリエチレン管は、埋設 の日以後6年に1回以上、適切な方法により検査を行い、漏えいが認められなかったものでなければならない。

ハ　最高使用圧力が高圧の導管は、建物の内部又は基礎面下（当該建物がガスの供給に係るものを除く。）に設置してはならない。ただし、ガスが滞留するおそれがない場所に設置されるものは除く。

二　特定ガス発生設備により発生させたガスを供給するための導管を地盤面上に設置する場合においてその周辺に危害を及ぼすおそれのあるときは、その見やすい箇所に当該導管によ り供給するガスの圧力、当該導管に異常を認めたときの連絡先その他必要な事項を明瞭に記載した危険標識を設けること。

ホ　本導管を共同溝に設置する場合は、ガス漏れにより当該共同溝及び当該共同溝に設置された他の物件の構造又は管理に支障を及ぼすことがないよう導管に適切な措置を講じ、かつ、適切な措置が講じられた共同溝内に設置しなければならない。""",1,2,3,4,5,,,,,3
"""技術基準で規定されている整圧器に関する次の記述のうち、いずれも誤っているものの組合せはどれか。
 
（イ）浸水のおそれのある地下に設置する整圧器には、浸水を防止するための措置を講じなければならない。

（ロ）ガス中の水分の凍結により整圧機能を損なうおそれのある整圧器には、凍結を防止するための措置を講じなければならない。

（ハ）最高使用圧力が中圧の整圧器には、ガスの漏えいによる火災等の発生を防止するための適切な措置を講じなければならない。

（二）一の使用者にガスを供給するための整圧器には、入口に不純物を除去する装置を設けるとともに、ガスの圧力が異常に上昇することを防止する装置を設けなければならない。

（ホ）整圧器の制御用配管、補助整圧器その他の附属設備は、地震に対し耐えるように支持されていなければならない。""",イ、ロ,イ、ハ,ロ、ホ,ハ、二,二、ホ,,,,,ハ、二
法令で規定されているガス用品及び「特定ガス消費機器の設置工事の監督に関する法律」（以下「特監法」という。）に関する次の記述のうち、誤っているものはどれか。,「ガス用品」とは、主として一般消費者等がガスを消費する場合に用いられる機械器具又は材料（液化石油ガス器具等を除く。）であって政令で定めるものをいう。,「特定ガス用品」とは、構造、使用条件、使用状況等からみて特にガスによる災害の発生のおそれが多いと認められるガス用品であって、開放燃焼式のガス瞬間湯沸器等がある。,特監法の目的は、 特定ガス消費機器の設置又は変更の工事の欠陥に係るガスによる災害の発生を防止するため、これらの工事の事業を行う者の工事の監督に関する義務等を定めることである。,「特定工事」とは、特定ガス消費機器の設置又は変更の工事（経済産業省令で定める軽微なものを除く。）をいう。,経済産業大臣が経済産業省令で定めるところにより行う特定工事に必要な知識及び技能に関する講習の課程を修了した者、及び液化石油ガス設備士は、ガス消費機器設置工事監督者の有資格者である。,,,,,「特定ガス用品」とは、構造、使用条件、使用状況等からみて特にガスによる災害の発生のおそれが多いと認められるガス用品であって、開放燃焼式のガス瞬間湯沸器等がある。
"""法令で規定されている消費機器に関する調査、保安業務規程及びガス事業者間の連携協力に関する次の記述のうち、いずれも誤っているものの組合せはどれか。

（イ）ガス小売事業者は、調査の結果、消費機器が経済産業省令で定める技術上の基準に適合していないと認めるときは、速やかにその使用を禁止しなければならない。

（ロ）ガス小売事業者は、保安業務規程を変更したときは、遅滞なく、変更した事項を経済産業大臣に届け出なければならない。

（ハ）経済産業大臣は、保安業務の適正な実施を確保するため必要があると認めるときは、保安統括者に対し、保安業務規程を変更すべきことを命ずることができる。

（二）ガス小売事業者及びその従業者は、保安業務規程を守らなければならない。 

（ホ）ガス事業者は、公共の安全の維持又は災害の発生の防止に関し、相互に連携を図りながら協力しなければならない。""",イ、ロ,イ、ハ,ロ、二,ハ、ホ,二、ホ,,,,,イ、ハ
"""法令で規定されている消費機器の技術上の基準に関する次の記述のうち、（イ）〜（ホ）にあてはまる数値及び語句の組合せとして最も適切なものはどれか。

次に掲げる燃焼器（屋内に設置するものに限り、（イ） のものを除く。）には当該燃燒器に接続して排気筒を設けること。ただし、当該燃焼器の構造上その他の理由によりこれによ ることが困難な場合において、当該消費機器のための、 （口） を設けるときは、この限りでない。

ガス調理機器（ガスの消費量が12kWを超えるもの）
（ハ） （暖房兼用のものを含み、ガスの消費量が12kWを超えるもの）
（二） （暖房兼用のものを含み、 ガスの消費量が7kWを超えるもの）
ガス常圧貯蔵湯沸器（ガスの消費量が7kWを超えるもの）
ガスふろがま 
ガスストーブ（ガスの消費量が7kWを超えるもの）
ガス衣類乾燥機（ガスの消費量が（ホ）kWを超えるもの）""
",・密閉燃燒式　　・専用の排気口　　・ガス貯湯湯沸器　　・ガス瞬間湯沸器　　・７,・密閉燃燒式　　・排気フード　　・ガス貯湯湯沸器　　・ガス瞬間湯沸器　　・１２,・密閉燃燒式　　・排気フード　　・ガス瞬間湯沸器　　・ガス貯湯湯沸器　　・１２,"・強制排氣式　　・排気フード　　・ガス貯湯湯沸器　　・ガス瞬間湯沸器　　・７
",・強制排氣式　　・専用の排気口　　・ガス瞬間湯沸器　　・ガス貯湯湯沸器　　・７,,,,,・密閉燃燒式　　・排気フード　　・ガス瞬間湯沸器　　・ガス貯湯湯沸器　　・１２
ボンベから、流量6.72㎥/hで30分間気体を使用すると、質量が2.4kg減少した。ボンベに入っていた気体として、次のうち、最も適切なものはどれか。ただし、気体は理想気体とし、流量は標準状態（温度0℃、圧力101325Pa）における値とする。,水素,メタン,エタン,プロパン,酸素,,,,,メタン
"""温度27℃、圧力240kPaのメタンの体積が415Lであるとき、このメタンの質量(kg)として、最も近い値はどれか。
ただし、メタンは理想気体とし、気体定数R=8.3J/ (mol・K)とする。""",0.064,0.32,0.64,3.2,6.4,,,,,0.64
実在気体に関する次の記述のうち、誤っているものはどれか。,二酸化炭素及び窒素は、常温で圧力を高くするのみで液化することができる。,臨界温度より高い温度では、圧力をどれほど高くしても気体を液化することはできない。,臨界点の近傍では、臨界タンパク光と呼ばれる特異な現象が見られる。,臨界温度及び臨界圧力を超えた温度及び圧力のガスを、超臨界ガスという。,ファン・デルワールスの状態式は、分子間引力と気体分子の体積を考慮して理想気体の状態方程式を補正した式である。,,,,,二酸化炭素及び窒素は、常温で圧力を高くするのみで液化することができる。
"""容積一定の容器に入れた温度20℃の窒素1.0kmo1を、120℃になるまで加熱した。このとき 窒素に加えた熱量(kJ)として、最も近い値はどれか。
ただし、加えた熱はすべて窒素の温度 上昇に用いられるものとし、窒素の定積比熱容量 Cy=0.75kJ/(kg・K)とする。""",500,1100,2100,2500,3200,,,,,2100
気体の熱力学に関する次の記述のうち、誤っているものはどれか。,モル熱容量とは、物質1molの温度を1K上昇させるのに必要な熱量である。,理想気体では、定圧条件において温度を上昇させるとエントロピーは減少する。,エントロピーは状態量であり、系がある状態から別の状態に移るときのエントロピー変化は、変化前後の状態のみで決まる。,ジュール・トムソン膨張では、系のエンタルピーは一定に保たれる。,定圧モル熱容量と定積モル熱容量の比を比熱比という。,,,,,理想気体では、定圧条件において温度を上昇させるとエントロピーは減少する。
化学反応に関する次の記述のうち、誤っているものはどれか。,触媒は反応速度を増加させる機能を持つが、反応の進行する方向を変えることはない。,不均一触媒反応のうち、固体触媒による反応を接触反応という。,還元反応とは、対象とする物質が電子を受け取る化学反応である。,一次反応の反応速度は、反応物質の濃度に反比例する。,反応熱は、反応の始状態と終状態のみで決まり、反応の経路によらない。,,,,,一次反応の反応速度は、反応物質の濃度に反比例する。
一次反応において、反応物質の濃度が初期濃度の12.5%になるまでに要する時間は、初期濃度の50%になるまでに要する時間の何倍になるか。次のうち、最も近い値はどれか。,1,2,3,4,5,,,,,3
プロパン1㎥を空気比1.2で完全燃焼させるのに必要な空気量 （㎥）として、 最も近い値はどれか。ただし、気体は標準状態（温度0°C、圧力101325Pa）とし、 空気中の窒素と酸素の体積比は4:1とする。,6,12,20,25,30,,,,,30
理論空気比の空気によって完全燃焼させた。このとき発生する湿り燃焼ガス中の 水蒸気の濃度 （vo1%）として、最も近い値ほどれか。ただし、空気中の窒素と酸素の体積比は4:1とする。,18,20,25,33,67,,,,,18
断面積10cmの直円管内に流体を平均流速2.1m/s で流したときの質量流量（kg/s）として、最も近い値はどれか。ただし、流体の密度は420kg/m2とする。,0.5,0.9,5,9,50,,,,,0.9
直円管内の完全に発達した流れに関する次の記述のうち、最も不適切なものはどれか。,層流では、平均流速は中心での最大流速の半分に等しい。,層流における管内の圧力損失は、平均流速に比例する。,層流から流速を上げていくと、 乱流へ遷移する。,乱流における管摩擦係数は、管壁面の粗さに依存する。,乱流の速度分布は放物線であり、管中心で最大速度になる。,,,,,乱流の速度分布は放物線であり、管中心で最大速度になる。
平均熱伝導率 2W/（m・K）の平板の耐火レンガの高温側の表面温度が1300℃、低温側の表面温度が900℃、 熱流束が4kW/m2であるとき、耐火レンガの厚さ（cm）として、最も近い値はどれか。,5,10,13,15,20,,,,,20
熱交換器において、高温流体の入口温度は150℃、出口温度は45℃であった。また低温流体の入口温度は30℃、出口温度は120℃であった。このときの高温流体の温度効率(%)として、最も近い値はどれか。,58,70,80,88,94,,,,,88
"""構造物の許容応力の判定の際には、材料の種類や使用状況に応じて適切な基準強さを選択することが重要である。（イ）〜（ハ）のそれぞれの使用状況における基準強さの組合せとして、最も適切なものはどれか。

(イ)繰り返し応力を受けるとき

(口)延性材料が常温で静荷重を受けるとき

(ハ)高温で静荷重を受けるとき""",破壊強さ 　　疲労限度　　降伏点又は耐力,破壊強さ　　降伏点又は耐力　　クリープ限度又はクリープ破壊応力,疲労限度　　破壊強さ　　降伏点又は耐力,疲労限度　　降伏点又は耐力　　クリープ限度又は クリープ破壊力,クリープ限度又はクリーブ破壊応力　　降伏点又は耐力　　破壊強さ,,,,,疲労限度　　降伏点又は耐力　　クリープ限度又は クリープ破壊力
クリープに関する次の記述のうち、誤っているものはどれか。,クリープは応力が小さいほど顕著に現れる。,クリープが起こると、材料は引張強さよりも小さな応力で破壊する。,クリープは温度が高いほど顕著に現れる。,高分子材料のクリープは常温でも起きる。,炭素鋼にモリブデンを添加すると、高温クリープ強さを高める効果がある。,,,,,クリープは応力が小さいほど顕著に現れる。
"""都市ガスの原料に関する次の記述のうち、いずれも誤っているものの組合せはどれか。
 
（イ）メタンは、すべての温度領域において、常温の空気よりも軽い。

（ロ）液撃は、弁の閉鎖やポンプの急停止等の急激な変化によって、配管内流体の運動エネルギの一部が圧力エネルギーに変換され、流体の圧力が低下することにより起こる。

（ハ）LNGは、貯蔵中に外部からの入熱により沸点の低いメタンを主成分とするボイルオフガス（BOG）が発生するため、被密度が高くなる。

（二）LNGローリーやLNGコンテナは、真空断熱方式の二重殻式横置円筒型の超低温容器を有し、道路輸送や鉄道輸送が可能である。

（ホ）LNGは水と反応して氷に似た水和物を生成するため、配管の閉そく等のトラブルを起こさないよう、LNGを取り扱う前に機器内を十分乾燥することが必要である。""",イ、ロ,イ、ハ,口、二,ハ、ホ,二、ホ,,,,,イ、ロ
"""都市ガスの製造設備に関する次の記述のうち、いずれも正しいものの組合せはどれか。 

（イ）LNGサテライト基地におけるLNGローリー等からLNG貯槽への受入作業では、LNG サテライト基地側又はLNGローリー等に設けられたLNGポンプを使用して行われる。

（ロ）回転式スクリュー型のBOG圧縮機の容量調整は、アンローダー弁操作により容易に連続調整が可能である。

（ハ）ミキシングホルダーは、製造ガスを混合し、供給ガスの成分、熱量及び燃焼性を均一化させる機能を有する。

（二）エアフィン式気化器は、気化器出口のガス温度が外気温以下となることがあり、寒冷地等 では冬期の気化器出ロガス温度低下対策として、気化器の後流にNG加温器を設置する等の措置が必要となる場合もある。

（ホ）弁により液が配管中に封じ込められるおそれのあるところには、必要に応じて液の異常圧力降下を防ぐための措置を講ずる。"" ",イ、ロ,イ、二,口、ホ,ハ、二,ハ、ホ,,,,,ハ、二
"""電気計装設備に関する次の記述のうち、いずれも誤っているものの組合せはどれか。

（イ）ブルドン管式圧力計は、ブルドン管の機械的な変位量を利用するもので、一般に高圧測定には不向きである。

（ロ）オリフィス式流量計は直管部を設ける必要があるが、カルマン渦式流量計は直管部を設ける必要がない。

（ハ）熱電対はゼーベック効果を利用したもので、基準接点の温度を一定に保つ必要があり、広範囲の温度測定が可能で、振動・衝撃にも強い。

（二）UPSは、交流入力を整流部で直流に変換し、蓄電池に充電するとともに、インバーター部で一定電圧、一定周波数の交流に変換後出力する装置である。

（ホ）PID制御のP動作とは、目標値とプロセス値の偏差の大きさに比例する制御動作をする もので、この動作だけではオフセットが残る。""",イ、ロ,イ、ハ,ロ、二,ハ、ホ,二、ホ,,,,,イ、ロ
"""LNGが気化した天然ガスをLPGで増熱して45MJ/㎥Nの供給ガスを1000㎥N製造する場合の天然ガスの使用量(㎥N)として最も近い値はどれか。
ただし、天然ガス及びLPGの発熱量は以下のとおりとする。（㎥N：標準状態におけるガスの体積)

天然ガスの発熱量（MJ/㎥N）　　40

LPGの発熱量(MJ/㎥N)　　          100"" ",714,800,817,900,917,,,,,917
"""都市ガスの付臭に関する次の記述のうち、いずれも誤っているものの組合せはどれか。
 
（イ）ガスに付臭剤を注入する方式は、大別して液体注入方式、蒸発方式及び付奥方式の3種類がある。

（ロ）滴下注入方式は、注入量の調整をニードル弁等によって行うが、手動式の場合はその精度 は低いため、流量変動の少ない小規模の付臭設備に多く用いられる。

（ハ）付臭剤に求められる要件として、ガスの供給系統を腐食せずに安定性のよいものであることや、腐食疲労を起こしにくいことなどがある。

（二）臭気濃度とは、試料ガスを無臭の空気で徐々に希釈し、感知できる最大の希釈倍数をいう。

（ホ）付臭は、ガスの漏えいを早期に検知するためのものであり、臭気濃度が高すぎても特に問題は生じない。""",イ、ロ,イ、ハ,口、二,ハ、ホ,二、ホ,,,,,ハ、ホ
"""製造所の地震対策に関する次の記述のうち、いずれも誤っているものの組合せはどれか。

（イ）ガス事業における地震対策は、1設備対策、2緊急対策、3復旧対策で構成される。

（ロ）設備対策は、設備の重要度に応じた耐震設計を行い、耐震性能の維持を図るための定期的な維持管理を行うことが基本である。

（ハ）緊急対策は、地震発生時の設備の緊急停止を防止し、ガス送出を継続することが基本である。

（二）地震発生直後の設備点検では、まずは、個別の機器ごとに詳細な点検を実施する。

（ホ）復旧対策において、原料・燃料や水等のユーティリティーは平常時より備蓄を確保するとともに、その調達ルートをあらかじめ確立しておくことが望ましい。""",イ、ロ,イ、ホ,ロ、ハ,ハ、二,二、ホ,,,,,ハ、二
"""製造設備の建設及び操業に関する次の記述のうち、いずれも誤っているものの組合せはどれか。
 
（イ）レベル2地震動に対する耐震設計の考え方は、「構造物に変形は生じるが、倒壊、漏えいは生じず、人身事故を防止」することである。

（ロ）稼働調整方式である流量制御方式は、設備負荷を一定に保つことができ、かつ急激な需要変動に追従できる制御方式である。

（ハ）ガス主任技術者は、保安上重要なガス工作物を溶接する場合、溶接施工記録に問題がないことを確認しなければならない。

（二）製造設備に係る巡視点検は、保安規程に定める内容と製造所の操業実態にあわせて実施するが、その巡視点検結果を記録する必要はない。

（ホ）製造設備を安全かつ円滑に運転するため、あらかじめ運転管理基準、運転操作要領等を作成し、それに従って関係者の教育・訓練を実施する。""",イ、ハ,イ、ホ,ロ、ハ,ロ、二,二、ホ,,,,,ロ、二
"""製造設備の保全に関する次の記述のうち、いずれも誤っているものの組合せはどれか。

（イ）引張応力発生下にある金属に腐食作用が働いて、破断応力以下でも割れが生じる現象を応力腐食割れという。

（ロ）粒界腐食とは、ステンレス鋼等不動態皮膜を持つ金属が非金属物質と面を接していたり、異物が付着していたりすると、接触面や異物との間にできるすきま部分に局部腐食が生じる現象をいう。

（ハ）放射線透過試験は、欠陥の形状をフィルム上に投影された像としてみることができ、場所的な制約もなく、わかりやすく直観性がある検査である。

（ニ）故障しても影響の少ない設備や代替設備がある場合、経済性を考慮して故障発生後に設備を運用可能な状態に回復する保全を事後保全という。

（ホ）浸透探傷試験は、金属、非金属あらゆる材料の表面欠陥を調べることができる。""",イ、ハ,イ、ホ,ロ、ハ,ハ、二,二、ホ,,,,,ロ、ハ
"""環境対策に関する次の記述のうち、いずれも誤っているものの組合せはどれか。

（イ）窒素酸化物はノックス（Nox）といい、 燃料中に含まれる各種窒素化合物の燃焼により生成するものと、空気中の窒素が燃焼による高温状態で酸化されて生成するものとがあり、前者をサーマルNOXという。

（ロ）ばいじんとは、燃料等の燃焼に際して発生する、灰分又はすす等の固形物のことをいい、燃焼温度、空気比の適正な管理等の燃焼管理を強化することにより発生量を減少させることができる。

（ハ）都市ガス事業者にとって、環境問題への対応は、企業の社会的責任（CSR）として大きな柱になってきている。

（二）交流回路における電力（W）は、電圧（V）×電流（A）×力率で示され、力率が1に近いほど損失が少ない。

（ホ）廃棄物の処理及び清掃に関する法律に定義された産業廃棄物に該当しない廃棄物は、すべて特別管理産業廃棄物になる。"" ",イ、ロ,イ、ホ,ロ、ハ,ハ、二,二、ホ,,,,,イ、ホ
"A点からB点に低圧のガス100㎥/hを供給する導管AB（口径10cm、延長200m）がある。このとき、A点の圧力2.3kPa、B点の圧力2.1kPaであった。
新たにC点にガス400㎥/hを供給することとなり、導管AC（口径20cm、 延長400m）を新設した。A点の圧力2.3kPaのとき、C点の圧力（kPa）として最も近い値はどれか。なお、高低差は考慮しないものとする。",1.7,1.8,1.9,2,2.1,,,,,2.1
整圧器に関する次の記述のうち、誤っているものはどれか。,圧力上昇防止装置は、整圧器の故障により、二次側の圧力が異常に上昇することを防止するために用いられる。,直動式整圧器におけるメインバルブシートの不具合により、二次圧力が異常上昇した。,整圧器能力不足により、二次圧力が異常低下した。,フィルターのダスト類の詰りにより、二次圧力が異常低下した。,直動式整圧器におけるメインバルブへのダスト類のかみ込みによる締め切り不良により、二次圧力が異常低下した。,,,,,直動式整圧器におけるメインバルブへのダスト類のかみ込みによる締め切り不良により、二次圧力が異常低下した。
ガスメーターに関する次の記述のうち、誤っているものはどれか。,マイコンメーターはメーターに流れるガスの流量を監視し、あらかじめ設定した条件によって異常と判定した場合、自動的にガスを遮断する機能を備えている。,使用最大流量が16㎥/hのガスメーターの検定有効期間は、検定を受けた翌月1日から起算して10年である。,ガスメーターが計量法の規定による検定を受ける際の検定公差は、流量によらず±1.5%である。,"ガスメーターとしての必要条件の一つに、小型で容量が大きいことがある。
",ガスメーターの種類のうち超音波式は、流量を推測計量するものである。,,,,,ガスメーターが計量法の規定による検定を受ける際の検定公差は、流量によらず±1.5%である。
口径400mmの鋼管を用い、長さ50mで両端固定された架管を冬期（管体温度は-10℃）に設置することになった。夏期に架管全体の温度が40℃になるときに生じる応力を、架管途中に設けた伸縮継手で対処する場合、設計変位量（mm)として最も近い値はどれか。ただし、導管の線膨張係数は1.2×10⁻⁵ （1/℃）、内圧は0.3（MPa）、 ヤング率は2.1×10⁵（N/㎟）とする。,9,24,30,40,126,,,,,30
腐食と防食に関する次の記述のうち、誤っているものはどれか。,建物に引き込まれた配管は、ミクロセル腐食の原因となるコンクリートに接触する機会が多いため、一般に埋設配管部近くの架空配管部に絶縁継手を設置する。,防食設備の点検は、雨期等の土壌の湿潤期や電気鉄道の運行時等、防食状況の悪い時期や時間帯を選んで行うことが望ましい。,電解質中の鉄とマグネシウムを接続すると、自然電位がプラス側の鉄がカソードとなり、マグネシウムがアノードとなる。,管対地電位の測定では、照合電極は通常、飽和硫酸銅電極が用いられ、散水で土壌等との接地抵抗を下げて設置する。,選択排流法、 強制排流法のいずれの方式も、他の金属構造物への干渉及び過防食を考慮する必要がある。,,,,,建物に引き込まれた配管は、ミクロセル腐食の原因となるコンクリートに接触する機会が多いため、一般に埋設配管部近くの架空配管部に絶縁継手を設置する。
導管の工事に関する次の記述のうち、誤っているものはどれか。,電気防食を施した鋼管の切断にあたっては、火花が出ないように電気防食施設の電源を切っておき、さらに切断予定箇所の両端を短絡させる。,導管工事の着工準備にあたっては、資機材に不足のないように確認するとともに、掘削機械、ポンプ、転圧機、保安設備等の整備・点検を行う。,酸素欠乏のおそれのある場所において作業を行う場合は、異常時に直ちに応急措置及び関係者への通報ができるよう作業を2人以上で行う。,溶接部等の放射線透過試験を行う場合は、非破壊試験技術者を選定しなければならない。,"非開削工法の特徴の一つは、路上工事の縮減により交通への影響を低減できることである。
",,,,,溶接部等の放射線透過試験を行う場合は、非破壊試験技術者を選定しなければならない。
"""溶接と非破壊試験に関する次の記述のうち、いずれも正しいものの組合せはどれか。

（イ）被覆アーク溶接棒の心線は、大気中に放置すると水分を吸収し、 ブローボール等の欠陥の原因となる。

（ロ）溶接施工法は、溶接事業所又は工場ごとに確認を受けなければならない。

（ハ）被覆アーク溶接とは、溶接棒と母材との間にアークを発生させ、その熱によって溶接棒のみを溶かすことにより溶接を行うものである。

（二）磁粉探傷試験は、表面付近のきずの発見法として、非常に簡便であり、表面から数mm以内のきずの高さを容易に測定できる。

（ホ）本開先不良は、溶込み不良や割れ等の原因となる。""",イ、ハ,イ、ホ,ロ、二,ロ、ホ,ハ、二,,,,,ロ、ホ
"""ガス導管の維持管理に関する次の記述のうち、いずれも正しいものの組合せはどれか。

（イ）支管供給管一括採水装置は、初期採水は強力なバキューム圧を発生するエジェクターを使用し、後期採水はピグを使用し管内の水たまりを移動させ、完全に排水させる。

（ロ）スプレーシール工法は、ガス栓等からシール剤を噴射することで管内面に膜を形成し、腐食漏えい箇所を修理する工法である。

（ハ）水素炎イオン化式ガス検知器は、水素炎の中に炭化水素が入ると、炎の電気伝導度が増大する現象を利用したもので、H2, CO等は検出できない。

（二）マッピングシステムは、地図情報、本支管等設備の位置や管理情報（口径、管種等）、地域管理情報をレイヤーに区分しデータベース化したシステムであり、様々な業務に活用できる。

（ホ）パイプロゲーターは、誘導法の方が直接法より精度的に優れている。""",イ、ハ,イ、ホ,口、二,口、ホ,ハ、二,,,,,ハ、二
"""地震により低圧導管の供給を停止した地域の復旧作業の基本フローとして最も適切なものはどれか。

　　A：復旧ブロック化
　　B：本支供灯外内管のエアパージ 
　　C：供給管切断 
　　D：灯内内管の漏えい検査・修理 
　　E：本支供灯外内管のテスト昇圧 
　　F：本支供灯外内管の差水箇所修理・採水 
　　G：本支供灯外内管の漏えい調査・漏えい修理 """,閉栓→E→A→B→C→D→E→F→G→開栓,閉栓→A→C→F→E→G→E→B→D→開栓,閉栓→A→C→F→B→E→G→E→D→開栓,閉栓→B→A→C→F→E→G→E→D→開栓,閉栓→E→G→F→A→C→E→B→D→開栓,,,,,閉栓→A→C→F→E→G→E→B→D→開栓
燃焼時の諸現象及びガスとガス機器の適応に関する次の記述のうち、誤っているものはどれか。,可燃性混合ガスは、温度が一定であれば、圧力が上昇すると燃焼範囲は広くなる。,サーマルNOxの生成量は、燃焼ガス温度の高い、空気比1付近で最大となり、滞留時間が長いほど多く生成する。,"不完全燃焼の原因には、空気との接触や混合が不十分、排気の排出不良等がある。
",ブンゼン燃焼の炎口負荷には、一定の許容幅があり、炎口負荷の適正値は、燃焼速度の遅いガスでは大きく、速いガスでは小さくなる。,ガスの燃焼速度指数（MCP）が小さくなり、ガス機器の互換域を外れた場合、リフティングが発生する。,,,,,ブンゼン燃焼の炎口負荷には、一定の許容幅があり、炎口負荷の適正値は、燃焼速度の遅いガスでは大きく、速いガスでは小さくなる。
"""赤火燃焼式に関する次の記述のうち、（イ）~（ハ）にあてはまる語句の組合せとして最も適切なものはどれか。

　　赤火燃燒式　　空気割合（一次空気）　0%　　空気割合（二次空気）　100%　
　　炎の色　（イ）　　炎の長さ　（ロ）　　炎の温度（°C）　（ハ）""",（イ）　赤　（ロ）　長い　（ハ）　約1300,（イ）　赤　（ロ）　短い　（ハ）　約1300,（イ）　赤黄　（ロ）　長い　（ハ）　約1300,（イ）　赤黄　（ロ）　短い　（ハ）　約900,（イ）　赤黄　（ロ）　長い　（ハ）　約900,,,,,（イ）　赤黄　（ロ）　長い　（ハ）　約900
"家庭用ガス機器に関する次の記述のうち、誤っているものはどれか。

*省エネ法とは、「エネルギーの使用の合理化等に関する法律」をいう。 ",ガスこんろの熱効率は、省エネ法*に基づくトップランナー基準の導入以降、炎の広がりを抑える、鍋底との距離を近づける等の改良により向上した。,ガスオーブンは、熱風をファンによって強制的に撹拌しているため、調理時間が早く、一度に多量の調理ができる。,FF暖房機には、立ち消え安全装置、点火時安全装置、転倒時安全装置等の安全装置が搭載されている。,ファンヒーターでは、設定温度とセンサーで検知した室温との温度差分を電気量に変換することで比例弁を駆動させ、ガス量に比例して対流ファン風量を制御する。,回転ドラム式衣類乾燥機には、接触した衣類の抵抗値を測定して、湿り具合を判断する乾燥センサーが搭載されている。,,,,,FF暖房機には、立ち消え安全装置、点火時安全装置、転倒時安全装置等の安全装置が搭載されている。
家庭用ガス温水機器に関する次の記述のうち、誤っているものはどれか。,10号の瞬間湯沸器は、水温20℃の水を45℃へ上昇させたお湯を毎分10L出せる能力を有している。,自己診断機能には、給気ファンの回転数と電圧値を計測し、給排気通路の閉そく状態を診断する方法がある。,給湯負荷に応じて最適な燃焼になるように、ガス量と空気量を制御することを空燃比制御 という。,浴室暖房乾燥機の主要4機能とは、暖房、乾燥、涼風及び換気である。,ふろ給湯器の設置方式には、設置フリー形があり、ポンプの揚程により設置位置を選択できる。,,,,,自己診断機能には、給気ファンの回転数と電圧値を計測し、給排気通路の閉そく状態を診断する方法がある。
業務用ガス機器、ガス冷暖房及びコージェネレーションシステムに関する次の記述のうち、誤っているものはどれか。,麺ゆで器の丸釜式には、ダウンドラフト方式により、省エネルギー性を高めたタイプがある。,ガススチームコンベクションオーブンのバーナーは、ブンゼン燃焼方式とパルス燃焼方式 のものがあり、蒸気発生部にはボイラー方式とインジェクション方式がある。,吸収冷凍機の吸収冷凍サイクルは、蒸発、吸収、再生及び凝縮の各工程からなり、蒸発工程で作られる冷水を用いて冷房する。,コージェネレーションシステムの電主熱従運転は、電力の負荷に合わせて発電し、廃熱はできるだけ利用し、もし余れば放熱する方法である。,家庭用固体酸化物形燃料電池（SOFC）の発電効率は、家庭用ガスエンジンコージェネレーションシステムの発電効率より高い。,,,,,ガススチームコンベクションオーブンのバーナーは、ブンゼン燃焼方式とパルス燃焼方式 のものがあり、蒸気発生部にはボイラー方式とインジェクション方式がある。
換気及び給排気方式に関する次の記述のうち、 誤っているものはどれか。,機械換気の方法には、換気扇等のファンを、給気口に設置する第2種換気や、排気口に設置する第3種換気がある。,建築基準法により、火気を使用する台所等には、必ず法令で定められた換気設備を設けなければならない。,集合住宅において、パイプシャフトの扉部にはRF式機器が、パイプシャフト内部（壁面）にはFF式機器が設置される。,CF式機器の一次排気筒は、設置環境に応じて長さを調整する必要がある。,RF式機器の設置工事は、ガス消費機器設置工事監督者の監督下で施工する必要はない。,,,,,CF式機器の一次排気筒は、設置環境に応じて長さを調整する必要がある。
ガス機器の制御装置及び安全装置に関する次の記述のうち、 誤っているものはどれか。,温水機器の空だき防止装置には、バイメタル式とサーミスター式がある。,温度制御に用いられるサーミスターは、金属の酸化物を2種類以上混合、焼結したもので、負の温度特性を持ちその値は等比的に変化する。,立ち消え安全装置には、熱起電力を利用して炎の検知を行う熱電対式と、炎の導電性と整流性を利用して炎の検知を行うフレームロッド式がある。,過熱防止装置として利用される温度ヒューズは、取り付け部分の雰囲気温度が異常に高くなった場合に回路を遮断し、再起動するには交換しなければならない。,ガス量を制御する方式には、段階的にガス量を制御する多段式と、連続的にガス量を制御する比例制御式がある。,,,,,温水機器の空だき防止装置には、バイメタル式とサーミスター式がある。
警報器に関する次の記述のうち、誤っているものはどれか。,ガス警報器は、 メタン濃度が0.2~0.5%程度で鳴り始めるよう調整されているものが多い。,電池式ガス警報器には、火災警報機能や不完全燃焼警報機能を搭載したものがある。,半導体式ガス警報器は、センサーに可燃性ガスが触れるとその表面に化学吸着して、半導体の電気伝導度が低下する性質を利用してガスを検知する。,業務用換気警報器に用いられる電気化学式センサーの構造及び原理は、ほぼ燃料電池と同様である。,"業務用換気警報器は、 ガス機器から水平距離は50cm以上8m以内で、 ガス機器が設置してある部屋と同一の室内に設置しなければならない。
",,,,,ゴム管用ソケットは、ガスソフトコードに取り付けて使用し、コンセントロのガス栓又はガス栓用プラグと接続する迅速継手である。
ガス機器とガス栓との接続に関する次の記述のうち、誤っているものはどれか。,常設形ガス機器のガス栓は、ガスコンセントやオンオフヒューズガス栓を用いる。,常設形業務用厨房機器とガス栓との接続には、金属可とう管が使用されている。,ゴム管用ソケットは、ガスソフトコードに取り付けて使用し、コンセントロのガス栓又はガス栓用プラグと接続する迅速継手である。,ガスコンセントでは、迅速継手が不完全に接続された場合でも、ガスは流れず漏れない。,ガスコードは、鋼線で補強されたゴム製ホースの両端に迅速継手がついた定尺の接続具で、ガスコンセントとファンヒーター等との接続に用いられる。,,,,,常設形ガス機器のガス栓は、ガスコンセントやオンオフヒューズガス栓を用いる。
"""法令で規定されているガス事業法の目的に関する次の記述について、(イ)〜(ホ)の語句のうち、正しいものはいくつあるか 
この法律は、「(イ)国の関与を最小限に」することによって、「(ロ)ガス事業者の自主保安体制を確立」し、及びガス事業の健全な発達を図るとともに、「(ハ) ガス主任技術者」並びに「(ニ)保安規程」によって、公共の安全を確保し、あわせて「(ホ)公害の防止」を図ることを目的とする。""",1,2,3,4,5,,,,,1
法令で規定されているガス小売事業者が行う供給条件の説明、熱量等の測定、及び成分の検査に関する次の記述のうち、誤っているものはどれか。,ガス小売事業者は、小売供給を受けようとする者と小売供給契約の締結をしようとするときは、経済産業省令で定めるところにより、当該小売供給に係る料金その他の供給条件について、経済産業大臣に届け出なければならない。,ガス小売事業者は、経済産業省令で定めるところにより、その供給するガスの熱量、圧力及び燃焼性を測定し、その結果を記録し、これを保存しなければならない。,特定ガス発生設備に係る場合にあっては、供給するガスの燃焼性を測定することを要しない。,ガス小売事業者は、経済産業省令で定めるところにより、その供給するガスの成分のうち、人体に危害を及ぼし、又は物件に損傷を与えるおそれがあるものの量が経済産業省令で定める数量を超えていないかどうかを検査し、その量を記録し、これを保存しなければならない。,天然ガスを主成分とするガスにあっては、硫黄全量、硫化水素及びアンモニアの成分検査を要しない。,,,,,ガス小売事業者は、小売供給を受けようとする者と小売供給契約の締結をしようとするときは、経済産業省令で定めるところにより、当該小売供給に係る料金その他の供給条件について、経済産業大臣に届け出なければならない。
"""次のガス事故のうち、ガス事故速報を報告することが法令で規定されている事故に、いずれも該当しないものの組合せはどれか。
ただし、台風、高潮、洪水、津波、地震その他の自然災害又は火災による広範囲の地域にわたるガス工作物の損壊事故、製造支障事故又は供給支障事故であって、経済産業大臣が指定するものを除く。

イ　ガス工作物(ガス栓を除く。)の損傷により人が負傷した事故

口　製造支障事故であって、製造支障時間が6時間のもの

ハ　供給支障事故であって、供給支障戸数が500のもの

二　最高使用圧力が低圧の主要なガス工作物(ガス栓を除く。)の損壊事故

ホ　ガス栓の損壊によりガス栓から漏えいしたガスに引火することにより、発生した負傷事故""",イ、ロ,イ、ハ,ロ、ニ,ハ、ホ,ニ、ホ,,,,,ロ、ニ
"""法令で規定されているガス主任技術者に関する次の記述のうち、いずれも誤っているものの組合せはどれか。

イ　ガス工作物の設置の工事であって、経済産業省令で定める工事に従事する者は、ガス主任技術者でなければならない。

ロ　一般ガス導管事業者は、ガス主任技術者を選任するときは、事前にその旨を経済産業大臣に届け出なければならない。これを解任するときも、同様とする。

ハ　ガス主任技術者試験は、ガス工作物の工事、維持及び運用に関する保安に関して必要な知識及び技能について行う。

ニ　ガス主任技術者は、誠実にその職務を行わなければならない。

ホ　経済産業大臣は、ガス主任技術者がこの法律に違反したときは、一般ガス導管事業者に対し、ガス主任技術者の解任を命ずることができる。""",イ、ロ,イ、ニ,口、ハ,ハ、ホ,二、ホ,,,,,イ、ロ
"""法令で規定されている工事計画及び使用前検査に関する次の記述について、(イ)～(ホ)にあてはまる語句の組合せとして最も適切なものはどれか。

ガス製造事業者は、ガス製造事業の用に供するガス工作物の設置又は　（イ）　の工事であって、経済産業省令で定めるものをしようとするときは、その工事の計画を経済産業大臣に届け出なければならない。
ガス製造事業者は、経済産業省令で定めるものの工事について自主検査を行い、その結果について　（ロ）　が行う検査を受け、これに合格した後でなければ、これを使用してはならない。ただし、ガス工作物を　（ハ）　に使用する場合(そのガス工作物に係るガスを使用者に供給する場合にあっては、当該ガス工作物の使用の方法を変更するごとにガスの　（二）　を測定して供給する場合に限る。)は、この限りでない。
ガス製造事業者は、経済産業省令で定めるところにより、自主検査の記録を作成し、これを　（ホ）　年間保存しなければならない。""",（イ）改造　　（ロ）経済産業大臣　　（ハ）試験のため　　（二）燃焼性　　（ホ）３,（イ）変更　　（ロ）登録ガス工作物検査機関　　（ハ）試験のため　　（二）熱量等　　（ホ）５,（イ）変更　　（ロ）経済産業大臣　　（ハ）緊急時　　（二）熱量等　　（ホ）３,（イ）変更　　（ロ）経済産業大臣　　（ハ）試験のため　　（二）燃焼性　　（ホ）５,（イ）改造　　（ロ）登録ガス工作物検査機関　　（ハ）緊急時　　（二）熱量等　　（ホ）３,,,,,（イ）変更　　（ロ）登録ガス工作物検査機関　　（ハ）試験のため　　（二）熱量等　　（ホ）５
"""ガス工作物及び保安物件に関する次の記述のうち、いずれも技術基準で規定されているものの組合せはどれか。ただし、ガス工作物は、不活性のガス(空気を含む。)又は不活性の液化ガスのみを通ずるものではない。

（イ）　ガス発生器及び増熱器は、その製造所の敷地境界から保安物件に対し告示で定める距離を有しなければならない。

（ロ）　劇場、映画館、演芸場、公会堂その他これらに類する施設であって、収容定員300人以上のもの(事業場の存する敷地と同一敷地内にあるものを除く。)は、第1種保安物件に該当する。

（ハ）　ガスの種類、ガス工作物の状況、周囲の状況等の理由によりあらかじめ経済産業大臣に届け出た場合は、告示で定める距離を有しないでガス工作物を施設することができる。

（二）　製造所には、液化ガスを通ずるガス工作物から漏えいしたガスが滞留するおそれのある製造所内の適当な場所に、当該ガスの漏えいを適切に検知し、かつ、警報する設備を設けなければならない。

（ホ）　ガス発生設備及び附帯設備であって製造設備に属するものの液化ガスを通ずる部分は、液化ガスを廃棄できる構造でなければならない。""",イ、ハ,イ、ホ,ロ、ハ,口、二,二、ホ,,,,,口、二
"""技術基準で「ガス工作物のうち、耐圧部分及び液化ガスを通ずる部分は、適切な方法により耐圧試験を行ったときにこれに耐えるものでなければならない。」と規定されている。次のガス工作物のうち、耐圧試験が不要なものはいくつあるか。

イ　液化ガス用ポンプ

ロ　昇圧供給装置

ハ　整圧器

ニ　溶接により接合された海底に設置される導管であって、非破壊試験を行ったときこれに合格したもの

ホ　最高使用圧力が中圧の導管であってそれらの継手部と同一材料、同一寸法及び同一施工方法で接合された試験のための管について、適切な機械試験により確認されたもの""",1,2,3,4,5,,,,,3
技術基準で規定されているガス工作物に関する次の記述のうち、誤っているものはどれか。,製造設備を安全に停止させるのに必要な装置その他の製造所及び供給所の保安上重要な設備には、停電等により当該設備の機能が失われることのないよう適切な措置を講じなければならない。,移動式ガス発生設備には、設備の損傷を防止するため使用の状態を計測又は確認できる適切な措置が講じられていなければならない。,製造所に設置する遮断装置には、誤操作を防止し、かつ、確実に操作することができる措置を講じなければならない。,特定事業所に設置する液化ガスを通ずるガス工作物に係る計装回路には、当該設備の態様に応じ、保安上重要な箇所に、適切なインターロック機構を設けなければならない。,ガスホルダーであって、凝縮液により機能の低下又は損傷のおそれがあるものには、ガスホルダーの凝縮液を気化する装置を設けなければならない。,,,,,ガスホルダーであって、凝縮液により機能の低下又は損傷のおそれがあるものには、ガスホルダーの凝縮液を気化する装置を設けなければならない。
"”技術基準で規定されているガス発生設備に関する次の記述のうち、誤っているものはいくつあるか。

・最高使用圧力が低圧の移動式ガス発生設備であって過圧が生ずるおそれのあるものには、その圧力を逃がすために適切な圧力上昇防止装置を設けなければならない。

・移動式ガス発生設備は、ガスが漏えいした場合の火災等の発生を防止するため、適切な場所に設置し、容易に移動又は転倒しないように適切な措置が講じられていなければならない。

・ガスの通ずる部分に直接液体を送入する装置を有する製造設備 (移動式ガス発生設備を含む。)は、送入部分を通じてガスが逆流することによる設備の損傷又はガスの大気への放出を防止するため逆流が生じない構造のものでなければならない。

・気化装置又はそれに接続される配管等には、気化装置から液化ガスの流出を防止する措置を講じなければならない。ただし、気化装置からの液化ガスの流出を考慮した設計である場合は、この限りでない。

・容器に附属する気化装置内においてガスを発生させる特定ガス発生設備であって当該気化装置を電源によって操作するものは、自家発電機その他の操作用電源が停止した際にガスの供給を速やかに停止するための装置を設けなければならない。”",1,2,3,4,5,,,,,2
"""技術基準で規定されている導管及びガスメーターに関する次の記述のうち、いずれも誤っているものの組合せはどれか。

（イ）　導管には、設置された状況により腐食を生ずるおそれがある場合にあっては、当該導管の腐食を防止するための適切な措置を講じなければならない。

（ロ）　導管(最高使用圧力が低圧の導管であって、内径が100mm未満のものを除く。)であって、道路の路面に露出しているものは、車両の接触その他の衝撃による振動を軽減するための措置を講じなければならない。

（ハ）　道路に埋設される本支管(最高使用圧力が5kPa以上のポリエチレン管に限る。)には、掘削等による損傷を防止するための適切な措置を講じなければならない。

（二）　ガスの使用場所である地下室等にガスを供給する導管には、その地下室等の付近の適切な場所に、危急の場合に当該地下室等へのガスの供給を地上から速やかに遮断することができる適切な装置を設けなければならない。

（ホ）　ガス事業者がガスの使用者との取引のために使用するガスメーター(使用最大流量が毎時16m2以下、使用最大圧力が4kPa以下及び口径250mm以下のものに限る。)は、ガスが流入している状態において、災害の発生のおそれのある大きさの地震動、長時間にわたるガスの継続使用又は異常なガス圧力の低下を検知した場合に、ガスを速やかに遮断する機能を 有するものでなければならない。""",イ、ロ,イ、ハ,ロ、ホ,ハ、二,二、ホ,,,,,ロ、ホ
"""技術基準で規定されている導管の漏えい検査に関する次の記述のうち、漏えい検査の対象 から除外されているものはいくつあるか。ただし、導管は、道路に埋設されている導管からガス栓までに設置されており、特定地下室等にガスを供給する導管とする。
（イ）　適切な漏えい検知装置が適切な方法により設置されている場合(当該装置が漏えいを検知することができる部分に限る。)

（ロ）　導管が設置されている場所に立ち入ることにつき、その所有者又は占有者の承諾を得ることができない場合

（ハ）　屋外において、埋設されていない部分がある場合(当該埋設されていない部分に限る。 

（ニ）　ポリエチレン管を使用している場合(当該使用している部分に限る。)

（ホ）　導管に絶縁措置が講じられており当該絶縁措置が講じられた部分からガス栓までの間でプラスチックにて被覆された部分""",1,2,3,4,5,,,,,4
技術基準に規定されているガス事業者の掘削により周囲が露出することとなった導管の防 護の基準、 昇圧供給装置及び整圧器に関する次の記述のうち、誤っているものはどれか。,露出している部分がガスの供給の用に供されている導管の印ろう型接合による接合部には、漏えいを防止する適切な措置を講ずること。,露出している部分がガスの供給の用に供されている直管以外の管の接合部であって、特定接合又は告示で定める規格に適合する接合以外の方法によって接合されているものには、抜出しを防止する適切な措置を講ずること。,導管(最高使用圧力が低圧の導管であって、内径が100mm未満のものを除く。)であって、露出している部分の長さが100m以上であり、かつ、当該部分がガスの供給の用に供されているものについては、危急の場合に当該部分に流入するガスを速やかに遮断することができる適切な措置を講ずること。,昇圧供給装置には、当該装置の運転異常又は当該装置の取扱いにより障害を生じないよう、適切な措置を講じなければならない。,一の使用者にガスを供給するための整圧器には、ガスの圧力が異常に低下した場合に供給を維持する装置を設けること。,,,,,一の使用者にガスを供給するための整圧器には、ガスの圧力が異常に低下した場合に供給を維持する装置を設けること。
法令で規定されているガス用品等に関する次の記述のうち、誤っているものはどれか。,「特定ガス用品」とは、構造、使用条件、使用状況等からみて特にガスによる災害の発生のおそれが多いと認められるガス用品であって、政令で定めるものをいう。,ガス用品の製造又は輸入の事業を行う者は、経済産業省令で定めるガス用品の型式の区分を経済産業大臣に申請し認められなければならない。,届出事業者は、届出に係る型式のガス用品を試験用に製造又は輸入する場合においては、経済産業省令で定める技術上の基準に適合することを要しない。,届出事業者は、その届出に係る型式のガス用品の経済産業省令で定める技術上の基準に対する適合性について、規定による義務を履行したときは、当該ガス用品に経済産業省令で定めるところにより、表示を付することができる。,ガス用品が経済産業省令で定める技術上の基準に適合していない場合において、災害の発 生を防止するため特に必要があると認めるとき、経済産業大臣は届出事業者に対し、1年以内の期間を定めて届出に係る型式のガス用品に表示を付することを禁止することができる。,,,,,ガス用品の製造又は輸入の事業を行う者は、経済産業省令で定めるガス用品の型式の区分を経済産業大臣に申請し認められなければならない。
"""法令で規定されている保安業務規程に関する記述のうち、いずれも誤っているものの組合せはどれか。

（イ）　ガス小売事業者は、経済産業省令で定めるところにより、保安業務規程を定め、その事業の開始前に、経済産業大臣に届け出なければならない。

（ロ）　ガス小売事業者は、保安業務規程を変更したときは、遅滞なく、変更した事項を経済産業大臣に届け出なければならない。

（ハ）　経済産業大臣は、保安業務の適正な実施を確保するため必要があると認めるときは、ガス小売事業者に対し、保安業務規程を変更すべきことを命ずることができる。

（ニ）　ガス小売事業者及びその従業者は、保安業務規程を守らなければならない。ただし、災害その他非常の場合であって、ガス小売事業者及びその従業者が行う安全の確保及び応急措置については、この限りでない。
（ホ）　ガス小売事業者が定める保安業務規程には、保安業務を管理する事業場ごとのガス主任技術者の選任に関することを定めなければならない。""",イ、ハ,イ、ニ,ロ、ハ,口、ホ,二、ホ,,,,,二、ホ
"""法令で規定されている消費機器の技術上の基準に関する次の記述のうち、正しいものはいくつあるか。

（イ）　ガスの消費量が7kWの屋内に設置するガス衣類乾燥機で、密閉燃焼式でないものには、当該燃焼器に接続して排気筒を設けること。

（ロ）　排気扇を接続している自然排気式の燃焼器の排気筒の有効断面積は、当該燃焼器の排気部との接続部の有効断面積より小さくないこと。

（ハ）　強制排気式の燃焼器の排気筒が外壁を貫通する箇所には、当該排気筒と外壁との間に排気ガスが屋内に流れ込む隙間がないこと。

（ニ）　燃焼器の排気筒に接続する排気扇には、これが停止した場合に当該燃焼器へのガスの供給を自動的に遮断する装置を設けること。

（ホ）　燃焼器であって、建物区分のうち特定地下街等に設置するものには、告示で定める規格に適合する自動ガス遮断装置を告示で定める方法により設けること。""",1,2,3,4,5,,,,,2
"""「ガス事業法」及び「特定ガス消費機器の設置工事の監督に関する法律」に関する次の記述について、（１）～（５）の語句のうち、正しいものはどれか。
消費機器の設置又は変更の工事は、「（１）ガス用品」の技術上の基準に適合するようにしなければならない。

「特定ガス消費機器」とは、「（２）製造年月日」・使用状況等からみて設置又は変更の工事の欠陥に係るガスによる災害の発生のおそれが多いと認められる消費機器であって、政令で定めるものをいう。

「特定工事」とは、特定ガス消費機器の設置又は変更の工事をいう。 

特定工事事業者は、特定工事を施工するときは、技術上の基準に適合することを確保するため、「（３） 保安業務監督者に選任されている」者に「（４）実地に監督」させなければならない。

特定工事事業者は、特定工事を施工したときは、当該特定工事に係る特定ガス消費機器の見やすい場所に、氏名又は名称、「（５）主要材料」その他の経済産業省令で定める事項を記載した表示を付さなければならない。""",1,2,3,4,5,,,,,4
温度27°C、圧力100kPa、体積 25㎥のメタンの質量(kg)として最も近い値はどれか。ただし、メタンは理想気体とし、気体定数R=8.3J/(mol・K)とする。,1,11,16,176,187,,,,,16
真空にした容器にプロパン44g、窒素28gを入れたところ、全圧が300kPaの混合気体となった。プロパンの分圧(kPa)として最も近い値はどれか。,50,100,150,200,250,,,,,150
外気圧100kPaとつり合っているシリンダ内の気体0.5㎥に熱を加え、定圧膨張させた。このときに気体がした仕事は150kJであった。膨張後の気体の体積(㎥)として最も近い値はどれか。,0.6,1,1.5,2,3,,,,,2
容積一定の断熱容器に入れた温度300Kの空気に、10.5kJの熱を加えると、空気の温度は330Kとなった。 このときの空気の質量(kg)として最も近い値はどれか。ただし、空気の定積比熱容量はC=0.7kJ/(kg・K)とする。,0.5,2,2.5,4.5,6,,,,,0.5
化学反応及び電気化学反応に関する次の記述のうち、誤っているものはどれか。,体積及び温度一定条件の下で化学反応が起こったとき、生成系の内部エネルギーのほうが反応系の内部エネルギーよりも低い場合、発熱反応になる。,温度一定条件で、化学反応に伴い発生する、若しくは吸収される熱のことを反応熱という。,化学反応における触媒の役割は、反応熱を大きくすることである。,電気化学反応の特徴は、化学反応を電子の授受を介して行わせることである。,燃料電池の電極間電位差は、取り出す電流を増加させる場合に小さくなる。,,,,,化学反応における触媒の役割は、反応熱を大きくすることである。
CO(g)　+　 H₂O (g)　=　CO₂(g)　+　H₂(g)　-　Q　は右方向へは発熱反応である。この反応の平衡に関する次の記述のうち、誤っているものはどれか。ただし、Qは反応熱である。,CO₂ の分圧を増加させると左方向へ反応が進む。,圧力を上げると左方向へ反応が進む。,温度を下げると右方向へ反応が進む。,水蒸気(H₂O)を増加させると右方向へ反応が進む。,この反応において、触媒は化学平衡状態に影響を与えない。,,,,,圧力を上げると左方向へ反応が進む。
メタン1㎥と水素2㎥の混合ガスを完全燃焼させるのに必要な最低空気量(㎥)として最も近い値はどれか。ただし、混合ガスは標準状態(0℃、101325Pa)とし、空気中の窒素と酸素の体積比は4:1とする。,15,20,25,30,50,,,,,15
メタン79vol%、プロパン21vol%の混合ガスの空気中における燃焼下限界(vol%)として最も近い値はどれか。ただし、単体ガスの燃焼下限界は、メタン5.0vol%、プロパン2.1vol%とする。,2.1,2.9,3.5,3.9,4.4,,,,,3.9
可燃性ガスに関する次の記述のうち、誤っているものはどれか。,空気や酸素等と混合した状態で着火すると爆発を起こすことがある。,温度を低くすると、燃焼範囲は広くなる。,爆燃や爆ごうは、空気や酸素と混合する濃度範囲により起こらない場合がある。,爆発は、伝播速度が亜音速の爆燃と、超音速の爆ごうに分類される。,爆ごうは、衝撃波を伴うため、衝突した物体に機械的破壊作用を与える。,,,,,温度を低くすると、燃焼範囲は広くなる。
内径100mmの直円管内を流体が質量流量6kg/sで流れているときの平均流速(m/s)として最も近い値はどれか。ただし、流体の密度は400kg/㎥とする,0.2,0.5,1,1.5,2,,,,,2
管内の流れに関する次の記述のうち、誤っているものはどれか。,流体の粘性は、圧力損失の原因となる。,内径が縮小する部分では、圧力損失が大きく生じる。,オリフィスメーターを用いると、配管内の平均流速を測定することができる。,ピトー管を用いると、配管内のある1点の流速を測定することができる。,急拡大管(ディフューザ)の機能は、下流で圧力を急激に低下させるものである。,,,,,急拡大管(ディフューザ)の機能は、下流で圧力を急激に低下させるものである。
平均熱伝導率0.2W/(m・K)で厚さ0.1mの平板壁の高温側表面温度が300℃、低温側表面温度が50℃であった。このとき平板壁を通過する熱流束 (W/㎡)として最も近い値はどれか。,125,150,250,500,600,,,,,500
熱交換器において高温流体の入口温度が300℃で出口温度が150℃であった。低温流体の入口温度は50℃であった。このときの高温流体の温度効率(%)として最も近い値はどれか。,25,40,50,60,83,,,,,60
材料の力学的性質に関する次の記述のうち、誤っているものはどれか。,応力にともなって生ずる変形量の変形前長さに対する割合をひずみという。,比例限度以下の応力では、材料のひずみは応力の大きさに比例する。,薄肉円筒の内圧 (円筒外部との圧力差)による円周応力は、軸応力の2倍である。,安全係数(安全率)が大きいほど、安全に対し余裕がある設計となっている。,外力を取り去ると元に戻る変形を塑性変形という。,,,,,外力を取り去ると元に戻る変形を塑性変形という。
高分子材料の一般的な性質に関する次の記述のうち、誤っているものはどれか。,紫外線を吸収すると、分解することがある。,クリープは、常温では発生しない。,金属材料に比べて、比重が小さい。,金属材料に比べて、熱伝導率が小さい。,応力ひずみ線図では、軟鋼のような明瞭な降伏点が見られない場合がある。,,,,,クリープは、常温では発生しない。
"""都市ガスの原料及びその取り扱いに関する次の記述のうち、いずれも誤っているものの組合せはどれか。

（イ）　LNGは貯蔵中に外部からの入熱により沸点の低いメタンを主とするボイルオフガス(BOG)が発生するため、メタン以外の成分の濃度が高まる。これを濃縮と呼ぶ。

（口）　LNGが漏えいし、大気中に気化、拡散したとき、燃焼範囲内の濃度にある混合気が、火気に接すると着火する。拡散ガスに着火すると、火炎が伝播し液表面での燃焼となる。これをプール燃焼という。

（ハ）　シェールガスとは、主に砂岩層が貯留層となっている従来のガス田ではなく、泥岩(頁岩)層に含まれる非在来型天然ガスの一種である。

（二）LNGの受入配管等では、外部からの入熱により過熱状態になっている場合、弁の開放等により圧力が急激に減少し、LNGの一部が気化され、鉛直配管部では液・気相間の急激な相転移が連続的に生じる。これによって発生する配管の振動現象をウォーターハンマーという。

（ホ）　LPG中にH₂S等の硫黄化合物が含まれていないことが求められる。これは、LPG貯蔵タンクの材料として高張力鋼が使用される場合が多いが、溶着金属部、熱影響部等に粒界腐食が発生する可能性があるためである。""",イ、ハ,イ、ホ,口、ハ,口、ニ,二、ホ,,,,,二、ホ
"""都市ガスの製造設備に関する次の記述のうち、いずれも誤っているものの組合せはどれか。

（イ）　PC式平底円筒形貯槽は、金属二重殼式貯槽と防液堤を一体化した貯槽であり、内槽と外槽の間の空間には、外部入熱を防ぐため断熱材(パーライト)が充てんされ、断熱効果を高めるため高度の真空状態に保たれている。

（ロ）　斜流ポンプは、遠心力と羽根の揚力によって液体に圧力を与えるものである。

（ハ）　ポンプの性能曲線図は、ポンプの規定回転数における吐出量、全揚程、ポンプ効率、軸動力等の関係を示すものである。

（二）　LPGポンプは、LNG1次受入基地等では遠心式サブマージドポンプ、LNG2次受入基地やLNGサテライト基地等ではベーン式ポンプ、キャンドモーターポンプが用いられる場合が多い。

（ホ）ポンプのキャビテーションを防止するためには、有効吸込ヘッドを必要有効吸込へッドより小さくする必要がある。""",イ、ロ,イ、ホ,口、ニ,ハ、二,ハ、ホ,,,,,イ、ホ
"""製造所の電気設備及び計装設備に関する次の記述のうち、いずれも誤っているものの組合せはどれか。

（イ）　無停電電源装置(UPS)の原理は、交流入力を整流部で直流に変換し蓄電池に充電するとともに、インバーター部で一定電圧、一定周波数の交流に変換後出力される。

（ロ）　外部雷保護システムは、雷撃によって生ずる火災、設備破損又は人畜への傷害を防止することを目的とするもので、受雷部システム、引下げ導線システム及び接地システム等から構成される。

（ハ）　遠隔操作弁では、弁体の開閉動作をする可動部にスピードコントローラーを取り付け、電気信号により制御システムに開閉状態を伝えることができる。

（ニ）　超音波式流量計は、流体が腐食性のものやスラリー状のもの及びダスト含有のものの影響は受けないが、温度・密度・粘度の影響は受けやすい。

（ホ）　ディスプレースメント式液面計は、測定範囲が広く、液密度の変化が測定誤差となるが、精度は高い。""",イ、ロ,イ、ホ,口、ニ,ハ、ニ,ハ、ホ,,,,,ハ、ニ
"""都市ガスの熱量調整と燃焼性管理に関する次の記述のうち、いずれも誤っているものの組合せはどれか。

（イ）　燃焼速度は、ガスの組成、空気比等の条件により変化する値であり、どのガスでも組成に応じてある空気比のときに最大となる。この値を最大燃焼速度(MCP)という。

（ロ）　ウォッベ指数(WI)は次式で表される。WI　=　H　/　√s
ここでHはガスの総発熱量(MJ/㎥)、sはガスの密度(kg/㎥)である。

（ハ）　天然ガス(発熱量: 43MJ/㎥)をLPG(発熱量: 100MJ/㎥)で増熱して45MJ/㎥の13Aガスを50000㎥製造する場合の天然ガスの必要量X(㎥)は、次式を解くことによって求められる。
43　×　X　+　100　×　(50000　-　X)　=　45　×　50000

（ニ）　LPGを用いて増熱し熱量を調整する場合、LPGの燃焼速度は比較的速いため、WI-MCP図で、混合ガスの燃焼性の範囲を確認する。

（ホ）液ーガス熱量調整方式により天然ガス(NG)をLPGで熱量調整する場合、NGの温度により運転範囲の制限を受ける場合があり、LPGの混合量を制限するか、NGの予熱が必要になる。""",イ、ハ,イ、ホ,口、二,口、ホ,ハ、二,,,,,口、二
"""都市ガスの付臭に関する次の記述のうち、いずれも誤っているものの組合せはどれか。

（イ）　付臭剤の備えるべき要件の一つとして、一般に存在するにおい(生活臭)とは明瞭に区別でき、 かつ、だれもがガス臭であると認識できるにおいであることがあげられる。

（ロ）　ガスの臭気濃度は、高すぎるとガス器具の点火や消火の際のわずかな未燃ガス等をガスの漏えいと誤認しやすくなる一方、低すぎると漏えいを検知しにくくなることがある。

（ハ）　代表的な付臭剤であるターシャリーブチルメルカプタン(TBM)、ジメチルサルファイド (DMS)、シクロヘキセンは、いずれも構成元素に硫黄(S)を含む。

（二）　付臭剤を注入する方式は、大別して液体注入方式、蒸発方式及び液付臭方式の3種類があるが、液付臭方式では製造するガス流量に応じた付臭剤注入量の制御が不要である。

（ホ）　パネル法による臭気濃度の測定において、4人のパネルの感知希釈倍数がそれぞれ3000倍、1500倍、1500倍、1500倍であったとき、このガスの臭気濃度は1500倍である。""",イ、ロ,イ、ニ,口、ホ,ハ、二,ハ、ホ,,,,,ハ、ホ
"""製造所の停電対策に関する次の記述のうち、いずれも誤っているものの組合せはどれか。

（イ）　買電のみで保安電力を確保するためには、常用線とは系統の異なる予備回線又はそれに相当するもの等保安電力として措置されたものが必要である。

（ロ）　非常用発電設備の定格容量は、負荷の積み上げ合計値と同じでよい。

（ハ）　BOG 圧縮機の停止時間が長くなるとLNG貯槽の内部圧力が上昇するので、内部圧力の監視を強化し、必要に応じて放散処理設備による降圧の準備等を行う。

（ニ）　停電が発生した場合、買電で稼働していたガス製造設備が安全側に移行、停止していること及び保安電源等が正常に作動していることを確認する必要がある。

（ホ）　保安電力は、買電(保安電力として措置されたものに限る)又は自家発電によるものとし、蓄電池を用いてはならない。""",イ、ハ,イ、ホ,ロ、ホ,ハ、二,ハ、ホ,,,,,ロ、ホ
"""製造設備の操業に関する次の記述のうち、いずれも誤っているものの組合せはどれか。

（イ）　ボイルオフガス(BOG)を送出ガスに混入する場合には、熱量調整用LPGの混入量増加等、送出ガスの品質管理に留意する必要がある。

（ロ）　LNG貯槽内のロールオーバー現象の発生を防止するため、貯槽内LNGの水平方向の密度分布を監視することが必要である。

（ハ）　個別設備の稼働調整方式の1つである圧力制御方式は、急激な需要変動に追従できる制御方式である。

（ニ）　ガス製造能力に関係する設備の定期修理計画策定にあたっては、ガス製造計画・製造設備稼働計画を元にして、ピーク時における最大必要能力を確保した定期修理計画を策定する。

（ホ）　製造設備の巡視点検は、保安規程に定める内容等に基づき実施するものとし、目視等の五感に頼らないことが重要である。""",イ、ロ,イ、二,口、ホ,ハ、二,ハ、ホ,,,,,口、ホ
"""製造設備の保全に関する次の記述のうち、いずれも誤っているものの組合せはどれか。

（イ）　溶接部において溶融金属が冷却される際に収縮することにより、圧縮の残留応力が生じる。

（ロ）　部材に形状的な不連続や切り欠きが存在して応力集中が高くなるほど、疲労強度は低下する。

（ハ）　材料表面層の残留応力は引張りの場合は疲労強度の低下、圧縮の場合は上昇の方向へ作用する。

（ニ）　超音波探傷試験(UT)は、検査物の片側だけから検査できるが、割れのような平面欠陥の検出には適さない。

（ホ）　放射線透過試験(RT)は、欠陥の形状をフィルム上に投影された像として見ることができるので、わかりやすい。""",イ、ニ,イ、ホ,ロ、ハ,口、ホ,ハ、ニ,,,,,イ、ニ
"""環境対策及び省エネルギーに関する次の記述のうち、いずれも誤っているものの組合せはどれか。

（イ）　都市ガスの燃料の場合は、燃焼管理を十分に行うことで、ばいじんの発生を大きく抑制することができる。

（ロ）　燃焼排ガスの脱硝法には、酸化剤としてアンモニア、尿素等を用いて、排ガス中のNOxを選択的に窒素に酸化する方法がある。

（ハ）　すべての水域において水素イオン濃度指数(pH)は、常に規制される項目の1つであり、多くの水中生物、農作物にとって望ましい水のpHは、5.8～8.6である。

（ニ）　有機物質を含む生物化学的酸素要求量(BOD)の高い排水の処理には、バクテリア等微生物の力を利用する生物処理方法がある。

（ホ）　電気エネルギーの管理では、力率を0に近づけると省エネルギー効果を上げることができる。""",イ、ハ,イ、ニ,口、ハ,ロ、ホ,二、ホ,,,,,ロ、ホ
A点からB点にガスを供給している低圧導管ABにおいて、 A点の圧力は2.3kPa、B点の圧力は2.2kPaであった。今、AB間の流量を2倍にした場合、A点の圧力を2.3kPaのままとすると、B点の圧力(kPa)として最も近い値はどれか。,2.1,2,1.9,1.8,1.7,,,,,1.9
整圧器に関する次の記述のうち、誤っているものはどれか。,ハウスレギュレーターは、一般に不純物除去装置と圧力上昇防止装置が一体化されている。,レイノルド式整圧器は需要家のガス使用量が減少すると低圧補助ガバナ(パイロット)の開度が減少し、 中間圧力が高くなるため、オキジャリーボール内のダイヤフラムを押し上げ る力が強くなる。,パイロット式整圧器について、最低一次圧力と最高二次圧力の差圧が整圧器の作動最小差圧よりも大きくなるように選定する。,大規模地区で使用される整圧器は、一般に負荷変動が大きいため、特に流量の変化に対する応答の敏速性と安定性の両方の特性が要求される。,フィッシャー式整圧器の二次圧異常上昇の原因として、メインバルブへのダストかみ込みによる締め切り不良が考えられる。,,,,,大規模地区で使用される整圧器は、一般に負荷変動が大きいため、特に流量の変化に対する応答の敏速性と安定性の両方の特性が要求される。
マイコンメーターに関する次の記述のうち、誤っているものはどれか。,圧力スイッチは、金属ダイヤフラムによる差圧検知方式でガス圧力のかかった状態ではOFF(通電停止)、ガス圧力が異常低下するとON(通電)になる構造である。,感震器は、少々の傾斜状態でも自動水平調整を行い、リセット不要な球振動式感震器である。,内管での少量漏れや口火を連続使用した場合等、30日間連続してガスが流れ続けた場合、ガス漏れ警報を表示する機能がある。,マイコンメーターの上流側ガス供給圧力が0.2kPaを下回った場合、遮断する機能がある。,Qmaxが25m/h以上のマイコンメーターでは、上ケース上部に、コントローラー、圧力スイッチ、遮断弁等を内蔵したコントロールボックスを取り付けている。,,,,,Qmaxが25m/h以上のマイコンメーターでは、上ケース上部に、コントローラー、圧力スイッチ、遮断弁等を内蔵したコントロールボックスを取り付けている。
口径300mmの鋼管を用い、長さ40mで両端固定された架管が冬の時期(管体温度は-10℃)に設置された。 夏期にこの架管全体の温度が40℃になったときに生じる応力を、架管途中に設けた伸縮継手で対処すると、設計変位量 (mm) として最も近い値はどれか。ただし、導管の線膨張係数は1×10 -5 (1/℃)、内圧は0.3MPa、ヤング率は2×10⁵N/㎟とする。,5,10,20,30,40,,,,,20
導管の腐食と防食に関する次の記述のうち、誤っているものはどれか。,導管の防食方法には、塗覆装による措置、電気防食による措置、絶縁による措置等がある。,鋳鉄管と鋼管が電気的に接続されている場合、鋳鉄管がアノードとなり腐食する傾向がある。,管対地電位とは、土壌、コンクリート等の電解質に設置した照合電極に対する導管の電位である。,防食設備の点検は、雨季等の土壌の湿潤期や電気鉄道の運行時等、防食状況の悪い時期や時間帯を選んで行うことが望ましい。,外部電源法は、導管の塗装の抵抗が低い場合や防食区間が長い場合に適している。,,,,,鋳鉄管と鋼管が電気的に接続されている場合、鋳鉄管がアノードとなり腐食する傾向がある。
導管の工事に関する次の記述のうち、正しいものはどれか。,酸素欠乏のおそれのある場所で作業を行う場合は、作業開始前に酸素濃度計により作業場所の空気中の酸素濃度が18%以上であることを確認し、その測定結果の記録を3年間保存しなければならない。,気密試験において、試験圧力は必ず最高使用圧力の1.1倍以上でなければならない。,フレキ管を屋外の露出配管で使用する場合は、2m以内の間隔で支持固定する。,ポリエチレン管のヒートフュージョン接合では、継手に設けられたインジケーターにより融着状態を確認する。,埋設後に埋設管の位置確認を可能とすべく、必要に応じて、標識シートを管に沿わせて設置する。,,,,,気密試験において、試験圧力は必ず最高使用圧力の1.1倍以上でなければならない。
溶接と非破壊試験に関する次の記述のうち、正しいものはどれか。,被覆アーク溶接棒の被覆剤(フラックス)には、溶接金属の凝固・冷却の速度を速める効用がある。,溶込み不良とは、溶接金属と母材又は溶接金属同士が溶着していない状態をいう。,放射線透過試験において、試験体の内部にきずがある場合、放射線フィルムで露光すると、きずのある部分は健全部より濃度が薄くなる。,ティグ溶接は、溶接ワイヤに被覆剤(フラックス)を含まないため、スラグが発生しない。,浸透探傷試験は、表面に開口したきずに適用でき、鋼のような強磁性体のみに使用できる。,,,,,ティグ溶接は、溶接ワイヤに被覆剤(フラックス)を含まないため、スラグが発生しない。
導管の維持管理に関する次の記述のうち、誤っているものはどれか。,中圧管の腐食による漏えい修理には、金属テープによる外面シールが適用できる。,樹脂ライニング系の更生修理工法は、本支管及び供内管の腐食漏えい予防として有効である。,半導体式ガス検知器は、検知感度が高いことから、地中埋設管のガス漏えい調査に適している。,サンドブラストによる供給支障は、大量の水道水がガス管内に流入し続けることがあるので、広範囲に至る場合がある。,需要家等からのガス漏えい等の通報に対しては、その内容に応じて、一般出動、緊急出動及び特別出動に区分し、適切な処理を行う。,,,,,中圧管の腐食による漏えい修理には、金属テープによる外面シールが適用できる。
地震対策に関する次の記述のうち、誤っているものはどれか。,設計地盤変位は、標準設計地盤変位量に管種と埋設条件の組合せによる補正係数と地域別の補正係数を掛けて求める。,断層の中で、最近の地質時代に繰り返し活動し、将来も活動することが推定される断層を活断層といい、地震の引き金となり得るものである。,二次災害を防止するとともに、供給停止地区の極小化を図るため、導管網を事前に適正な規模のブロックに分割しておく。,供給停止後、復旧までに相当の日数を要することが予想される場合は、需要家の不安を取り除くため、復旧の見通し等について積極的に広報活動を行う。,SI値は、地震による一般的な建物(ビル)の揺れの大きさを評価する指標であり、加速度の単位カイン(cm/s²)で表される。,,,,,SI値は、地震による一般的な建物(ビル)の揺れの大きさを評価する指標であり、加速度の単位カイン(cm/s²)で表される。
ガスの燃焼に関する次の記述のうち、誤っているものはどれか。,ガスの燃焼は酸化反応であり、反応が最後まで完結しないで中間生成物(一酸化炭素、水素、アルデヒド等)が発生している状態を不完全燃焼という。,ブンゼンバーナーにおいて、ガス圧が異常に低下したり、ノズルが詰まったりしてガス量が極端に少なくなると、フラッシュバックが発生する。,機器の燃焼室内の給排気不良により二次空気が極端に減少すると、リフティングが発生する。,燃焼反応が十分な速さで進まないと、イエローチップが発生する。,メタンと空気の混合ガスの燃焼範囲は、標準状態においてメタン濃度4%から75%である。,,,,,メタンと空気の混合ガスの燃焼範囲は、標準状態においてメタン濃度4%から75%である。
円形のノズルから噴出するガス量について、ノズルの口径を4倍、ガスの圧力を4倍にしたとき、ガス量は何倍になるか。次の値のうち、最も近いものはどれか。,4,8,16,32,64,,,,,32
家庭用ガス機器に関する次の記述のうち、誤っているものはどれか。,Q機能を搭載した瞬間湯沸器では、冷水サンドイッチ現象を緩和し、安定した湯温を得ることができる。,瞬間湯沸器のメインバーナーには、炎が短く燃焼室を小さくできるセミ・ブンゼンバーナーが一般に用いられる。,ふろ給湯器の設置方式には、浴室隣接設置形と設置フリー形とがある。,ハイブリッド給湯器は、電気ヒートポンプと潜熱回収型ガス給湯器で必要なお湯の量に合わせて効率的に運転を行うシステムである。,エコーネットライトは、HEMSとガス機器(燃料電池等)との接続に利用できる標準通信仕様である。,,,,,瞬間湯沸器のメインバーナーには、炎が短く燃焼室を小さくできるセミ・ブンゼンバーナーが一般に用いられる。
家庭用ガス機器に関する次の記述のうち、誤っているものはどれか。,こんろには、調理油過熱防止装置を利用して鍋が焦げ付き始めると自動消火するものがある。,グリルは、直火によって主として伝導熱で調理する機器である。,コンビネーションレンジは、ガスオーブンに電子レンジ機能が内蔵されたものである。,衣類乾燥機には、湿り空気を排出する排湿筒が取り付けられるようになっている。,赤外線ストーブには、放射体としてセラミックプレートを用いたものと、特殊耐熱鋼金網を用いたものとの2種類がある。,,,,,グリルは、直火によって主として伝導熱で調理する機器である。
コージェネレーションシステムと業務用ガス機器に関する次の記述のうち、誤っているものはどれか。,固体酸化物形燃料電池には、CO変成器が搭載されている。,吸収冷温水機は、冷媒に水を用いるノンフロン空調機である。,浸管式フライヤーには、油槽中の浸管内でガスを燃焼させて加熱する方式と、燃焼排ガスを通過させて加熱する方式とがある。,中華レンジには、火力を強力にするため、ブラストバーナーを用いたものがある。,遠赤外線ヒーターでは、セラミック特殊塗料で仕上げられた放射管等の表面から多量の遠赤外線が放射される。,,,,,固体酸化物形燃料電池には、CO変成器が搭載されている。
換気と一酸化炭素(CO)中毒に関する次の記述のうち、誤っているものはどれか。,自然換気における空気の流れを起こす力の種類には、風圧を利用したものと、空気の温度差によって生じる浮力を利用したものとがある。,必要換気量とは、室内の酸素濃度をある限界以上に保つための換気量の最小値のことである。,一人の成人男性が安静に座っている状態での必要換気量は、建築基準法関係法令では20㎥/hとされている。,換気扇に用いられるシロッコファンは、ターボファンに比べ効率が高い。,COは、ヘモグロビンに対する結合力が酸素の200～300倍強く、吸入により酸素欠乏症状をひきおこしやすい。,,,,,換気扇に用いられるシロッコファンは、ターボファンに比べ効率が高い。
給排気に関する次の記述のうち、誤っているものはどれか。,CF式ふろがまの排気筒トップに用いられる材料は、不燃性、耐熱性及び耐食性のあるものでなければならない。,BF式ふろがまを屋内に設置する場合は、設置する部屋に専用の給気口及び換気口は必要ない。,BF式ふろがまは、新規に浴室内に設置することはできない。,CF式ふろがまの逆風止めは、機器と同一室内に設置する必要がある。,FE式湯沸器では、排気筒の横引き長さと高さとの関係には特に規定がない。,,,,,BF式ふろがまは、新規に浴室内に設置することはできない。
ガス機器の安全装置、点火装置及び制御装置に関する次の記述のうち、誤っているものはどれか。,水位制御装置には、自動湯張り機能付き温水機器のように任意に設定された水位を保つものと、貯蔵湯沸器のように固定された一定の水位を保つものとがある。,点火時安全装置とは、燃焼室を持つガス機器の残留未燃ガスによる爆発点火を防止するためのものである。,瞬時点火装置では、熱電対の起電力が十分に発生するまでの間、コンデンサーの放電電流によりガス弁を開状態に保持している。,ガス量制御に用いられる比例電磁弁には、固定コイル式と可動コイル式とがある。,機械式温度制御装置における温度検出部の方式には、気体膨張式と液体膨張式とがある。,,,,,機械式温度制御装置における温度検出部の方式には、気体膨張式と液体膨張式とがある。
ガス機器とガス栓との接続及び警報器に関する次の記述のうち、誤っているものはどれか。,ヒューズガス栓には、作動流量の異なるいくつかの種類があり、使用機器のインプット等に応じて選択する必要がある。,ガスコンセントは、迅速継手を接続するだけで栓が自動的に開き、外すと閉じる構造となっている。,オンオフ機構を有するガス栓では、つまみが半開状態で接続具が外れた場合、ヒューズ機構が作動せずガスが流出する。,家庭用のガス警報器には、ガスを検出するセンサーを小型化かつ省電力化することで電池駆動を可能にしたものがある。,家庭用のガス警報器に使用されている検出方式は、半導体式、接触燃焼式及び熱線型半導体式に大別される。,,,,,オンオフ機構を有するガス栓では、つまみが半開状態で接続具が外れた場合、ヒューズ機構が作動せずガスが流出する。
